<?xml version="1.0" encoding="UTF-8"?>
<gpx version="1.1" creator="CheerRunners Live" xmlns="http://www.topografix.com/GPX/1/1">
  <metadata><name>Melbourne Marathon Sunday 42.2k Full Marathon</name></metadata>
  <trk>
    <name>Melbourne Marathon Sunday 42.2k Full Marathon</name>
    <trkseg>
      <trkpt lat="-37.82079" lon="144.97611"/>
      <trkpt lat="-37.82064" lon="144.97611"/>
      <trkpt lat="-37.8199" lon="144.97617"/>
      <trkpt lat="-37.8196" lon="144.97614"/>
      <trkpt lat="-37.81945" lon="144.97611"/>
      <trkpt lat="-37.81935" lon="144.97608"/>
      <trkpt lat="-37.81924" lon="144.97604"/>
      <trkpt lat="-37.81914" lon="144.976"/>
      <trkpt lat="-37.81904" lon="144.97595"/>
      <trkpt lat="-37.81894" lon="144.9759"/>
      <trkpt lat="-37.81885" lon="144.97584"/>
      <trkpt lat="-37.81875" lon="144.97577"/>
      <trkpt lat="-37.81869" lon="144.97572"/>
      <trkpt lat="-37.81858" lon="144.97562"/>
      <trkpt lat="-37.8185" lon="144.97555"/>
      <trkpt lat="-37.81847" lon="144.97551"/>
      <trkpt lat="-37.81841" lon="144.97544"/>
      <trkpt lat="-37.81836" lon="144.97538"/>
      <trkpt lat="-37.81833" lon="144.97534"/>
      <trkpt lat="-37.81826" lon="144.97527"/>
      <trkpt lat="-37.81819" lon="144.97518"/>
      <trkpt lat="-37.81813" lon="144.97508"/>
      <trkpt lat="-37.81806" lon="144.97498"/>
      <trkpt lat="-37.81796" lon="144.9748"/>
      <trkpt lat="-37.81785" lon="144.9746"/>
      <trkpt lat="-37.81775" lon="144.97439"/>
      <trkpt lat="-37.81754" lon="144.97399"/>
      <trkpt lat="-37.81737" lon="144.97366"/>
      <trkpt lat="-37.81731" lon="144.97356"/>
      <trkpt lat="-37.81725" lon="144.97345"/>
      <trkpt lat="-37.81719" lon="144.97335"/>
      <trkpt lat="-37.8171" lon="144.97323"/>
      <trkpt lat="-37.81702" lon="144.97313"/>
      <trkpt lat="-37.81694" lon="144.97303"/>
      <trkpt lat="-37.81678" lon="144.97287"/>
      <trkpt lat="-37.8167" lon="144.97278"/>
      <trkpt lat="-37.81661" lon="144.9727"/>
      <trkpt lat="-37.81653" lon="144.97264"/>
      <trkpt lat="-37.81647" lon="144.97259"/>
      <trkpt lat="-37.8164" lon="144.97254"/>
      <trkpt lat="-37.81632" lon="144.97249"/>
      <trkpt lat="-37.81621" lon="144.97242"/>
      <trkpt lat="-37.81614" lon="144.97239"/>
      <trkpt lat="-37.81614" lon="144.97238"/>
      <trkpt lat="-37.8161" lon="144.97236"/>
      <trkpt lat="-37.81608" lon="144.97235"/>
      <trkpt lat="-37.81608" lon="144.97233"/>
      <trkpt lat="-37.81611" lon="144.97224"/>
      <trkpt lat="-37.81644" lon="144.9711"/>
      <trkpt lat="-37.81647" lon="144.97102"/>
      <trkpt lat="-37.81674" lon="144.97014"/>
      <trkpt lat="-37.81676" lon="144.97009"/>
      <trkpt lat="-37.81678" lon="144.96999"/>
      <trkpt lat="-37.81679" lon="144.96996"/>
      <trkpt lat="-37.81696" lon="144.96937"/>
      <trkpt lat="-37.81697" lon="144.96931"/>
      <trkpt lat="-37.81732" lon="144.96812"/>
      <trkpt lat="-37.81738" lon="144.96795"/>
      <trkpt lat="-37.81745" lon="144.96771"/>
      <trkpt lat="-37.81748" lon="144.96761"/>
      <trkpt lat="-37.81751" lon="144.96753"/>
      <trkpt lat="-37.8176" lon="144.96757"/>
      <trkpt lat="-37.81763" lon="144.96758"/>
      <trkpt lat="-37.81765" lon="144.96759"/>
      <trkpt lat="-37.8177" lon="144.96762"/>
      <trkpt lat="-37.81771" lon="144.96763"/>
      <trkpt lat="-37.81773" lon="144.96764"/>
      <trkpt lat="-37.81781" lon="144.96769"/>
      <trkpt lat="-37.81784" lon="144.96772"/>
      <trkpt lat="-37.81787" lon="144.96774"/>
      <trkpt lat="-37.81791" lon="144.96776"/>
      <trkpt lat="-37.81795" lon="144.96778"/>
      <trkpt lat="-37.81797" lon="144.9678"/>
      <trkpt lat="-37.818" lon="144.96781"/>
      <trkpt lat="-37.81805" lon="144.96783"/>
      <trkpt lat="-37.8183" lon="144.96795"/>
      <trkpt lat="-37.81843" lon="144.96801"/>
      <trkpt lat="-37.81846" lon="144.96802"/>
      <trkpt lat="-37.81848" lon="144.96803"/>
      <trkpt lat="-37.81851" lon="144.96804"/>
      <trkpt lat="-37.81853" lon="144.96805"/>
      <trkpt lat="-37.81856" lon="144.96805"/>
      <trkpt lat="-37.81859" lon="144.96807"/>
      <trkpt lat="-37.81862" lon="144.96807"/>
      <trkpt lat="-37.81866" lon="144.96808"/>
      <trkpt lat="-37.81871" lon="144.9681"/>
      <trkpt lat="-37.81875" lon="144.96811"/>
      <trkpt lat="-37.81878" lon="144.96812"/>
      <trkpt lat="-37.8188" lon="144.96812"/>
      <trkpt lat="-37.81978" lon="144.96857"/>
      <trkpt lat="-37.81998" lon="144.96866"/>
      <trkpt lat="-37.82" lon="144.96867"/>
      <trkpt lat="-37.82002" lon="144.96868"/>
      <trkpt lat="-37.82004" lon="144.96869"/>
      <trkpt lat="-37.82011" lon="144.96872"/>
      <trkpt lat="-37.82015" lon="144.96875"/>
      <trkpt lat="-37.82022" lon="144.9688"/>
      <trkpt lat="-37.82029" lon="144.96886"/>
      <trkpt lat="-37.82038" lon="144.96892"/>
      <trkpt lat="-37.82048" lon="144.96897"/>
      <trkpt lat="-37.82059" lon="144.96902"/>
      <trkpt lat="-37.8209" lon="144.96915"/>
      <trkpt lat="-37.82135" lon="144.96935"/>
      <trkpt lat="-37.82141" lon="144.96937"/>
      <trkpt lat="-37.82153" lon="144.96942"/>
      <trkpt lat="-37.82169" lon="144.96948"/>
      <trkpt lat="-37.82182" lon="144.96954"/>
      <trkpt lat="-37.82201" lon="144.96962"/>
      <trkpt lat="-37.82208" lon="144.96966"/>
      <trkpt lat="-37.82315" lon="144.97014"/>
      <trkpt lat="-37.82318" lon="144.97016"/>
      <trkpt lat="-37.82327" lon="144.9702"/>
      <trkpt lat="-37.8233" lon="144.97021"/>
      <trkpt lat="-37.82333" lon="144.97016"/>
      <trkpt lat="-37.82335" lon="144.97012"/>
      <trkpt lat="-37.82337" lon="144.97007"/>
      <trkpt lat="-37.82328" lon="144.97002"/>
      <trkpt lat="-37.82321" lon="144.96999"/>
      <trkpt lat="-37.82318" lon="144.96998"/>
      <trkpt lat="-37.82216" lon="144.9695"/>
      <trkpt lat="-37.82209" lon="144.96947"/>
      <trkpt lat="-37.82174" lon="144.96931"/>
      <trkpt lat="-37.82162" lon="144.96925"/>
      <trkpt lat="-37.82142" lon="144.96914"/>
      <trkpt lat="-37.82105" lon="144.96896"/>
      <trkpt lat="-37.82099" lon="144.96893"/>
      <trkpt lat="-37.82046" lon="144.96869"/>
      <trkpt lat="-37.8204" lon="144.96867"/>
      <trkpt lat="-37.8203" lon="144.96864"/>
      <trkpt lat="-37.82024" lon="144.96863"/>
      <trkpt lat="-37.82019" lon="144.96861"/>
      <trkpt lat="-37.82013" lon="144.9686"/>
      <trkpt lat="-37.82008" lon="144.96858"/>
      <trkpt lat="-37.82005" lon="144.96857"/>
      <trkpt lat="-37.82003" lon="144.96856"/>
      <trkpt lat="-37.81999" lon="144.96854"/>
      <trkpt lat="-37.81979" lon="144.96845"/>
      <trkpt lat="-37.81881" lon="144.96801"/>
      <trkpt lat="-37.81876" lon="144.96798"/>
      <trkpt lat="-37.81873" lon="144.96796"/>
      <trkpt lat="-37.8187" lon="144.96794"/>
      <trkpt lat="-37.81868" lon="144.96793"/>
      <trkpt lat="-37.81864" lon="144.9679"/>
      <trkpt lat="-37.81861" lon="144.96788"/>
      <trkpt lat="-37.81859" lon="144.96787"/>
      <trkpt lat="-37.81858" lon="144.96786"/>
      <trkpt lat="-37.81857" lon="144.96785"/>
      <trkpt lat="-37.81856" lon="144.96784"/>
      <trkpt lat="-37.81855" lon="144.96783"/>
      <trkpt lat="-37.81853" lon="144.96782"/>
      <trkpt lat="-37.81849" lon="144.96779"/>
      <trkpt lat="-37.81836" lon="144.96774"/>
      <trkpt lat="-37.81796" lon="144.96755"/>
      <trkpt lat="-37.81789" lon="144.96753"/>
      <trkpt lat="-37.81781" lon="144.96749"/>
      <trkpt lat="-37.8177" lon="144.96745"/>
      <trkpt lat="-37.81766" lon="144.96744"/>
      <trkpt lat="-37.81763" lon="144.96743"/>
      <trkpt lat="-37.81761" lon="144.96742"/>
      <trkpt lat="-37.81758" lon="144.96742"/>
      <trkpt lat="-37.81755" lon="144.96741"/>
      <trkpt lat="-37.81753" lon="144.96741"/>
      <trkpt lat="-37.81751" lon="144.96741"/>
      <trkpt lat="-37.81747" lon="144.96741"/>
      <trkpt lat="-37.81745" lon="144.96741"/>
      <trkpt lat="-37.81744" lon="144.96741"/>
      <trkpt lat="-37.81743" lon="144.96741"/>
      <trkpt lat="-37.81742" lon="144.96741"/>
      <trkpt lat="-37.8174" lon="144.96741"/>
      <trkpt lat="-37.81739" lon="144.96743"/>
      <trkpt lat="-37.81736" lon="144.96756"/>
      <trkpt lat="-37.81734" lon="144.9676"/>
      <trkpt lat="-37.81729" lon="144.96779"/>
      <trkpt lat="-37.8172" lon="144.96806"/>
      <trkpt lat="-37.81716" lon="144.96821"/>
      <trkpt lat="-37.81688" lon="144.96921"/>
      <trkpt lat="-37.81686" lon="144.96926"/>
      <trkpt lat="-37.81685" lon="144.96931"/>
      <trkpt lat="-37.81674" lon="144.96968"/>
      <trkpt lat="-37.81669" lon="144.96984"/>
      <trkpt lat="-37.81666" lon="144.96995"/>
      <trkpt lat="-37.81669" lon="144.96996"/>
      <trkpt lat="-37.81673" lon="144.96998"/>
      <trkpt lat="-37.81678" lon="144.96999"/>
      <trkpt lat="-37.81679" lon="144.96996"/>
      <trkpt lat="-37.81696" lon="144.96937"/>
      <trkpt lat="-37.81697" lon="144.96931"/>
      <trkpt lat="-37.81732" lon="144.96812"/>
      <trkpt lat="-37.81738" lon="144.96795"/>
      <trkpt lat="-37.81745" lon="144.96771"/>
      <trkpt lat="-37.81748" lon="144.96761"/>
      <trkpt lat="-37.81751" lon="144.96753"/>
      <trkpt lat="-37.8176" lon="144.96757"/>
      <trkpt lat="-37.81763" lon="144.96758"/>
      <trkpt lat="-37.81765" lon="144.96759"/>
      <trkpt lat="-37.8177" lon="144.96762"/>
      <trkpt lat="-37.81771" lon="144.96763"/>
      <trkpt lat="-37.81773" lon="144.96764"/>
      <trkpt lat="-37.81781" lon="144.96769"/>
      <trkpt lat="-37.81784" lon="144.96772"/>
      <trkpt lat="-37.81787" lon="144.96774"/>
      <trkpt lat="-37.81791" lon="144.96776"/>
      <trkpt lat="-37.81795" lon="144.96778"/>
      <trkpt lat="-37.81797" lon="144.9678"/>
      <trkpt lat="-37.818" lon="144.96781"/>
      <trkpt lat="-37.8183" lon="144.96795"/>
      <trkpt lat="-37.81843" lon="144.96801"/>
      <trkpt lat="-37.81846" lon="144.96802"/>
      <trkpt lat="-37.81848" lon="144.96803"/>
      <trkpt lat="-37.81851" lon="144.96804"/>
      <trkpt lat="-37.81853" lon="144.96805"/>
      <trkpt lat="-37.81856" lon="144.96805"/>
      <trkpt lat="-37.81859" lon="144.96807"/>
      <trkpt lat="-37.81862" lon="144.96807"/>
      <trkpt lat="-37.81866" lon="144.96808"/>
      <trkpt lat="-37.81871" lon="144.9681"/>
      <trkpt lat="-37.81875" lon="144.96811"/>
      <trkpt lat="-37.81878" lon="144.96812"/>
      <trkpt lat="-37.8188" lon="144.96812"/>
      <trkpt lat="-37.81978" lon="144.96857"/>
      <trkpt lat="-37.81998" lon="144.96866"/>
      <trkpt lat="-37.82" lon="144.96867"/>
      <trkpt lat="-37.82002" lon="144.96868"/>
      <trkpt lat="-37.82004" lon="144.96869"/>
      <trkpt lat="-37.82011" lon="144.96872"/>
      <trkpt lat="-37.82015" lon="144.96875"/>
      <trkpt lat="-37.82022" lon="144.9688"/>
      <trkpt lat="-37.82029" lon="144.96886"/>
      <trkpt lat="-37.82038" lon="144.96892"/>
      <trkpt lat="-37.82048" lon="144.96897"/>
      <trkpt lat="-37.82059" lon="144.96902"/>
      <trkpt lat="-37.8209" lon="144.96915"/>
      <trkpt lat="-37.82135" lon="144.96935"/>
      <trkpt lat="-37.82141" lon="144.96937"/>
      <trkpt lat="-37.82153" lon="144.96942"/>
      <trkpt lat="-37.82169" lon="144.96948"/>
      <trkpt lat="-37.82182" lon="144.96954"/>
      <trkpt lat="-37.82201" lon="144.96962"/>
      <trkpt lat="-37.82208" lon="144.96966"/>
      <trkpt lat="-37.82315" lon="144.97014"/>
      <trkpt lat="-37.82318" lon="144.97016"/>
      <trkpt lat="-37.82327" lon="144.9702"/>
      <trkpt lat="-37.8233" lon="144.97021"/>
      <trkpt lat="-37.82342" lon="144.97027"/>
      <trkpt lat="-37.82374" lon="144.97042"/>
      <trkpt lat="-37.82421" lon="144.97064"/>
      <trkpt lat="-37.82471" lon="144.97087"/>
      <trkpt lat="-37.82478" lon="144.9709"/>
      <trkpt lat="-37.82489" lon="144.97095"/>
      <trkpt lat="-37.82511" lon="144.97104"/>
      <trkpt lat="-37.82525" lon="144.97109"/>
      <trkpt lat="-37.82538" lon="144.97114"/>
      <trkpt lat="-37.82557" lon="144.9712"/>
      <trkpt lat="-37.82582" lon="144.97128"/>
      <trkpt lat="-37.82597" lon="144.97132"/>
      <trkpt lat="-37.82609" lon="144.97135"/>
      <trkpt lat="-37.82626" lon="144.97138"/>
      <trkpt lat="-37.82654" lon="144.97142"/>
      <trkpt lat="-37.82683" lon="144.97147"/>
      <trkpt lat="-37.827" lon="144.97149"/>
      <trkpt lat="-37.82713" lon="144.97151"/>
      <trkpt lat="-37.82721" lon="144.97151"/>
      <trkpt lat="-37.82737" lon="144.9715"/>
      <trkpt lat="-37.82752" lon="144.97148"/>
      <trkpt lat="-37.82764" lon="144.97147"/>
      <trkpt lat="-37.82777" lon="144.97147"/>
      <trkpt lat="-37.828" lon="144.97146"/>
      <trkpt lat="-37.82824" lon="144.97145"/>
      <trkpt lat="-37.82851" lon="144.97143"/>
      <trkpt lat="-37.82869" lon="144.97141"/>
      <trkpt lat="-37.82886" lon="144.9714"/>
      <trkpt lat="-37.82891" lon="144.97139"/>
      <trkpt lat="-37.82907" lon="144.97136"/>
      <trkpt lat="-37.82919" lon="144.97136"/>
      <trkpt lat="-37.82935" lon="144.97136"/>
      <trkpt lat="-37.8298" lon="144.97138"/>
      <trkpt lat="-37.82983" lon="144.97139"/>
      <trkpt lat="-37.82992" lon="144.9714"/>
      <trkpt lat="-37.82996" lon="144.9714"/>
      <trkpt lat="-37.83007" lon="144.97141"/>
      <trkpt lat="-37.83059" lon="144.97143"/>
      <trkpt lat="-37.8308" lon="144.97144"/>
      <trkpt lat="-37.83101" lon="144.97145"/>
      <trkpt lat="-37.8312" lon="144.97146"/>
      <trkpt lat="-37.8313" lon="144.97149"/>
      <trkpt lat="-37.83141" lon="144.97152"/>
      <trkpt lat="-37.83149" lon="144.97153"/>
      <trkpt lat="-37.83161" lon="144.97155"/>
      <trkpt lat="-37.83171" lon="144.9716"/>
      <trkpt lat="-37.83183" lon="144.97168"/>
      <trkpt lat="-37.83189" lon="144.97173"/>
      <trkpt lat="-37.83199" lon="144.97182"/>
      <trkpt lat="-37.83205" lon="144.97185"/>
      <trkpt lat="-37.8321" lon="144.97188"/>
      <trkpt lat="-37.83218" lon="144.97194"/>
      <trkpt lat="-37.83228" lon="144.97202"/>
      <trkpt lat="-37.83241" lon="144.97213"/>
      <trkpt lat="-37.83254" lon="144.97225"/>
      <trkpt lat="-37.83266" lon="144.97235"/>
      <trkpt lat="-37.8327" lon="144.9724"/>
      <trkpt lat="-37.83275" lon="144.97244"/>
      <trkpt lat="-37.83277" lon="144.97246"/>
      <trkpt lat="-37.83285" lon="144.97253"/>
      <trkpt lat="-37.8329" lon="144.97258"/>
      <trkpt lat="-37.83293" lon="144.97262"/>
      <trkpt lat="-37.83307" lon="144.9728"/>
      <trkpt lat="-37.83314" lon="144.9729"/>
      <trkpt lat="-37.8332" lon="144.97298"/>
      <trkpt lat="-37.83342" lon="144.97333"/>
      <trkpt lat="-37.83353" lon="144.9735"/>
      <trkpt lat="-37.83366" lon="144.97369"/>
      <trkpt lat="-37.83371" lon="144.97376"/>
      <trkpt lat="-37.83379" lon="144.97386"/>
      <trkpt lat="-37.83392" lon="144.97402"/>
      <trkpt lat="-37.83402" lon="144.97414"/>
      <trkpt lat="-37.83414" lon="144.97429"/>
      <trkpt lat="-37.8343" lon="144.97446"/>
      <trkpt lat="-37.83442" lon="144.97458"/>
      <trkpt lat="-37.8345" lon="144.97465"/>
      <trkpt lat="-37.83461" lon="144.97475"/>
      <trkpt lat="-37.83478" lon="144.97489"/>
      <trkpt lat="-37.83489" lon="144.97498"/>
      <trkpt lat="-37.83506" lon="144.9751"/>
      <trkpt lat="-37.83516" lon="144.97516"/>
      <trkpt lat="-37.83518" lon="144.97517"/>
      <trkpt lat="-37.83523" lon="144.9752"/>
      <trkpt lat="-37.83536" lon="144.97528"/>
      <trkpt lat="-37.83547" lon="144.97535"/>
      <trkpt lat="-37.8355" lon="144.97537"/>
      <trkpt lat="-37.83566" lon="144.97547"/>
      <trkpt lat="-37.83593" lon="144.97562"/>
      <trkpt lat="-37.83602" lon="144.97567"/>
      <trkpt lat="-37.83607" lon="144.97569"/>
      <trkpt lat="-37.83611" lon="144.9757"/>
      <trkpt lat="-37.83613" lon="144.97571"/>
      <trkpt lat="-37.8363" lon="144.97575"/>
      <trkpt lat="-37.8363" lon="144.97573"/>
      <trkpt lat="-37.8363" lon="144.97564"/>
      <trkpt lat="-37.8363" lon="144.97558"/>
      <trkpt lat="-37.8363" lon="144.97556"/>
      <trkpt lat="-37.8363" lon="144.97554"/>
      <trkpt lat="-37.8363" lon="144.9755"/>
      <trkpt lat="-37.8363" lon="144.97547"/>
      <trkpt lat="-37.8363" lon="144.97544"/>
      <trkpt lat="-37.83631" lon="144.9754"/>
      <trkpt lat="-37.83633" lon="144.97531"/>
      <trkpt lat="-37.83634" lon="144.97525"/>
      <trkpt lat="-37.83634" lon="144.97522"/>
      <trkpt lat="-37.83648" lon="144.97457"/>
      <trkpt lat="-37.8365" lon="144.97449"/>
      <trkpt lat="-37.83653" lon="144.97435"/>
      <trkpt lat="-37.83661" lon="144.97438"/>
      <trkpt lat="-37.83671" lon="144.97441"/>
      <trkpt lat="-37.83705" lon="144.97454"/>
      <trkpt lat="-37.83766" lon="144.97476"/>
      <trkpt lat="-37.8379" lon="144.97485"/>
      <trkpt lat="-37.83796" lon="144.97487"/>
      <trkpt lat="-37.83803" lon="144.97489"/>
      <trkpt lat="-37.83817" lon="144.97495"/>
      <trkpt lat="-37.83823" lon="144.97497"/>
      <trkpt lat="-37.8385" lon="144.97507"/>
      <trkpt lat="-37.83872" lon="144.97515"/>
      <trkpt lat="-37.83894" lon="144.97523"/>
      <trkpt lat="-37.83926" lon="144.97535"/>
      <trkpt lat="-37.83934" lon="144.97537"/>
      <trkpt lat="-37.83935" lon="144.97533"/>
      <trkpt lat="-37.83945" lon="144.97489"/>
      <trkpt lat="-37.83953" lon="144.97458"/>
      <trkpt lat="-37.83955" lon="144.97448"/>
      <trkpt lat="-37.83958" lon="144.97437"/>
      <trkpt lat="-37.84103" lon="144.97489"/>
      <trkpt lat="-37.84185" lon="144.97519"/>
      <trkpt lat="-37.84316" lon="144.97566"/>
      <trkpt lat="-37.84388" lon="144.97593"/>
      <trkpt lat="-37.84455" lon="144.97617"/>
      <trkpt lat="-37.8458" lon="144.97662"/>
      <trkpt lat="-37.84648" lon="144.97687"/>
      <trkpt lat="-37.84684" lon="144.977"/>
      <trkpt lat="-37.84746" lon="144.97722"/>
      <trkpt lat="-37.84772" lon="144.97732"/>
      <trkpt lat="-37.84819" lon="144.97749"/>
      <trkpt lat="-37.84824" lon="144.97751"/>
      <trkpt lat="-37.8483" lon="144.97753"/>
      <trkpt lat="-37.84904" lon="144.97779"/>
      <trkpt lat="-37.84933" lon="144.97795"/>
      <trkpt lat="-37.84936" lon="144.97796"/>
      <trkpt lat="-37.84942" lon="144.97798"/>
      <trkpt lat="-37.84948" lon="144.978"/>
      <trkpt lat="-37.84995" lon="144.97816"/>
      <trkpt lat="-37.85002" lon="144.97818"/>
      <trkpt lat="-37.85029" lon="144.97828"/>
      <trkpt lat="-37.85053" lon="144.97836"/>
      <trkpt lat="-37.85057" lon="144.97837"/>
      <trkpt lat="-37.8507" lon="144.97842"/>
      <trkpt lat="-37.85082" lon="144.97846"/>
      <trkpt lat="-37.851" lon="144.97852"/>
      <trkpt lat="-37.85106" lon="144.97854"/>
      <trkpt lat="-37.85195" lon="144.97885"/>
      <trkpt lat="-37.85227" lon="144.97897"/>
      <trkpt lat="-37.85255" lon="144.97907"/>
      <trkpt lat="-37.85316" lon="144.9793"/>
      <trkpt lat="-37.85331" lon="144.97924"/>
      <trkpt lat="-37.85334" lon="144.97923"/>
      <trkpt lat="-37.85336" lon="144.97922"/>
      <trkpt lat="-37.85339" lon="144.9792"/>
      <trkpt lat="-37.85345" lon="144.97915"/>
      <trkpt lat="-37.85349" lon="144.97911"/>
      <trkpt lat="-37.85354" lon="144.97906"/>
      <trkpt lat="-37.8536" lon="144.97901"/>
      <trkpt lat="-37.85366" lon="144.97897"/>
      <trkpt lat="-37.85373" lon="144.97893"/>
      <trkpt lat="-37.85384" lon="144.97889"/>
      <trkpt lat="-37.85393" lon="144.97886"/>
      <trkpt lat="-37.8541" lon="144.97884"/>
      <trkpt lat="-37.85439" lon="144.97882"/>
      <trkpt lat="-37.85459" lon="144.97872"/>
      <trkpt lat="-37.85484" lon="144.97871"/>
      <trkpt lat="-37.85508" lon="144.97875"/>
      <trkpt lat="-37.85529" lon="144.97877"/>
      <trkpt lat="-37.85543" lon="144.97878"/>
      <trkpt lat="-37.85557" lon="144.9788"/>
      <trkpt lat="-37.85575" lon="144.97885"/>
      <trkpt lat="-37.8559" lon="144.97889"/>
      <trkpt lat="-37.85598" lon="144.97892"/>
      <trkpt lat="-37.85627" lon="144.97905"/>
      <trkpt lat="-37.85645" lon="144.97914"/>
      <trkpt lat="-37.85657" lon="144.9792"/>
      <trkpt lat="-37.85667" lon="144.97926"/>
      <trkpt lat="-37.85673" lon="144.9793"/>
      <trkpt lat="-37.8568" lon="144.97935"/>
      <trkpt lat="-37.8569" lon="144.97942"/>
      <trkpt lat="-37.85705" lon="144.97956"/>
      <trkpt lat="-37.8572" lon="144.97969"/>
      <trkpt lat="-37.85733" lon="144.97982"/>
      <trkpt lat="-37.85754" lon="144.98004"/>
      <trkpt lat="-37.85768" lon="144.98018"/>
      <trkpt lat="-37.85779" lon="144.98029"/>
      <trkpt lat="-37.85782" lon="144.98031"/>
      <trkpt lat="-37.85789" lon="144.98037"/>
      <trkpt lat="-37.85794" lon="144.98041"/>
      <trkpt lat="-37.85798" lon="144.98043"/>
      <trkpt lat="-37.85804" lon="144.98046"/>
      <trkpt lat="-37.8581" lon="144.98034"/>
      <trkpt lat="-37.85818" lon="144.98019"/>
      <trkpt lat="-37.85822" lon="144.98013"/>
      <trkpt lat="-37.85832" lon="144.97995"/>
      <trkpt lat="-37.85878" lon="144.97916"/>
      <trkpt lat="-37.85896" lon="144.97886"/>
      <trkpt lat="-37.85893" lon="144.97882"/>
      <trkpt lat="-37.8589" lon="144.97879"/>
      <trkpt lat="-37.85887" lon="144.97876"/>
      <trkpt lat="-37.85883" lon="144.97882"/>
      <trkpt lat="-37.8587" lon="144.97905"/>
      <trkpt lat="-37.85845" lon="144.97946"/>
      <trkpt lat="-37.85813" lon="144.97998"/>
      <trkpt lat="-37.85809" lon="144.98004"/>
      <trkpt lat="-37.85805" lon="144.9801"/>
      <trkpt lat="-37.858" lon="144.9801"/>
      <trkpt lat="-37.85794" lon="144.9801"/>
      <trkpt lat="-37.85791" lon="144.9801"/>
      <trkpt lat="-37.85787" lon="144.9801"/>
      <trkpt lat="-37.85784" lon="144.98009"/>
      <trkpt lat="-37.8578" lon="144.98011"/>
      <trkpt lat="-37.85767" lon="144.97997"/>
      <trkpt lat="-37.85754" lon="144.97985"/>
      <trkpt lat="-37.85739" lon="144.97971"/>
      <trkpt lat="-37.85708" lon="144.97941"/>
      <trkpt lat="-37.85697" lon="144.97932"/>
      <trkpt lat="-37.85686" lon="144.97923"/>
      <trkpt lat="-37.85665" lon="144.97907"/>
      <trkpt lat="-37.85654" lon="144.97901"/>
      <trkpt lat="-37.85641" lon="144.97893"/>
      <trkpt lat="-37.8563" lon="144.97888"/>
      <trkpt lat="-37.85614" lon="144.97881"/>
      <trkpt lat="-37.85601" lon="144.97877"/>
      <trkpt lat="-37.85598" lon="144.97892"/>
      <trkpt lat="-37.85627" lon="144.97905"/>
      <trkpt lat="-37.85645" lon="144.97914"/>
      <trkpt lat="-37.85657" lon="144.9792"/>
      <trkpt lat="-37.85667" lon="144.97926"/>
      <trkpt lat="-37.85673" lon="144.9793"/>
      <trkpt lat="-37.8568" lon="144.97935"/>
      <trkpt lat="-37.8569" lon="144.97942"/>
      <trkpt lat="-37.85705" lon="144.97956"/>
      <trkpt lat="-37.8572" lon="144.97969"/>
      <trkpt lat="-37.85733" lon="144.97982"/>
      <trkpt lat="-37.85754" lon="144.98004"/>
      <trkpt lat="-37.85768" lon="144.98018"/>
      <trkpt lat="-37.85779" lon="144.98029"/>
      <trkpt lat="-37.85782" lon="144.98031"/>
      <trkpt lat="-37.85789" lon="144.98037"/>
      <trkpt lat="-37.85794" lon="144.98041"/>
      <trkpt lat="-37.85798" lon="144.98043"/>
      <trkpt lat="-37.85804" lon="144.98046"/>
      <trkpt lat="-37.8581" lon="144.98034"/>
      <trkpt lat="-37.85818" lon="144.98019"/>
      <trkpt lat="-37.85822" lon="144.98013"/>
      <trkpt lat="-37.85832" lon="144.97995"/>
      <trkpt lat="-37.85878" lon="144.97916"/>
      <trkpt lat="-37.85896" lon="144.97886"/>
      <trkpt lat="-37.85933" lon="144.97825"/>
      <trkpt lat="-37.85954" lon="144.97789"/>
      <trkpt lat="-37.85969" lon="144.97765"/>
      <trkpt lat="-37.85971" lon="144.97762"/>
      <trkpt lat="-37.85972" lon="144.97761"/>
      <trkpt lat="-37.85977" lon="144.97753"/>
      <trkpt lat="-37.8598" lon="144.97747"/>
      <trkpt lat="-37.85982" lon="144.97743"/>
      <trkpt lat="-37.85982" lon="144.97739"/>
      <trkpt lat="-37.85981" lon="144.97734"/>
      <trkpt lat="-37.8598" lon="144.97728"/>
      <trkpt lat="-37.8598" lon="144.97727"/>
      <trkpt lat="-37.8598" lon="144.97724"/>
      <trkpt lat="-37.85979" lon="144.97723"/>
      <trkpt lat="-37.85979" lon="144.97719"/>
      <trkpt lat="-37.85977" lon="144.97713"/>
      <trkpt lat="-37.85975" lon="144.97709"/>
      <trkpt lat="-37.85974" lon="144.97707"/>
      <trkpt lat="-37.85974" lon="144.97706"/>
      <trkpt lat="-37.85972" lon="144.97704"/>
      <trkpt lat="-37.85971" lon="144.97702"/>
      <trkpt lat="-37.85933" lon="144.97666"/>
      <trkpt lat="-37.85891" lon="144.97626"/>
      <trkpt lat="-37.85887" lon="144.97622"/>
      <trkpt lat="-37.85874" lon="144.9761"/>
      <trkpt lat="-37.85862" lon="144.97599"/>
      <trkpt lat="-37.859" lon="144.97538"/>
      <trkpt lat="-37.85914" lon="144.97513"/>
      <trkpt lat="-37.85938" lon="144.97475"/>
      <trkpt lat="-37.86008" lon="144.97542"/>
      <trkpt lat="-37.86042" lon="144.97484"/>
      <trkpt lat="-37.86075" lon="144.97428"/>
      <trkpt lat="-37.86104" lon="144.97455"/>
      <trkpt lat="-37.86107" lon="144.97458"/>
      <trkpt lat="-37.86114" lon="144.97466"/>
      <trkpt lat="-37.86116" lon="144.97468"/>
      <trkpt lat="-37.8612" lon="144.97472"/>
      <trkpt lat="-37.86123" lon="144.97475"/>
      <trkpt lat="-37.86124" lon="144.97476"/>
      <trkpt lat="-37.86127" lon="144.97479"/>
      <trkpt lat="-37.8613" lon="144.97482"/>
      <trkpt lat="-37.86132" lon="144.97485"/>
      <trkpt lat="-37.86134" lon="144.97486"/>
      <trkpt lat="-37.86139" lon="144.97477"/>
      <trkpt lat="-37.86141" lon="144.97475"/>
      <trkpt lat="-37.86146" lon="144.97466"/>
      <trkpt lat="-37.86182" lon="144.97405"/>
      <trkpt lat="-37.86198" lon="144.97377"/>
      <trkpt lat="-37.862" lon="144.97375"/>
      <trkpt lat="-37.86201" lon="144.97373"/>
      <trkpt lat="-37.86204" lon="144.97368"/>
      <trkpt lat="-37.86208" lon="144.97362"/>
      <trkpt lat="-37.8621" lon="144.97359"/>
      <trkpt lat="-37.86213" lon="144.97355"/>
      <trkpt lat="-37.86238" lon="144.97312"/>
      <trkpt lat="-37.86244" lon="144.97302"/>
      <trkpt lat="-37.86246" lon="144.97298"/>
      <trkpt lat="-37.86249" lon="144.97295"/>
      <trkpt lat="-37.86252" lon="144.97291"/>
      <trkpt lat="-37.86257" lon="144.97286"/>
      <trkpt lat="-37.86265" lon="144.9728"/>
      <trkpt lat="-37.8627" lon="144.97276"/>
      <trkpt lat="-37.86274" lon="144.97274"/>
      <trkpt lat="-37.86279" lon="144.97271"/>
      <trkpt lat="-37.86283" lon="144.9727"/>
      <trkpt lat="-37.86291" lon="144.97268"/>
      <trkpt lat="-37.86295" lon="144.97267"/>
      <trkpt lat="-37.86299" lon="144.97266"/>
      <trkpt lat="-37.86372" lon="144.97252"/>
      <trkpt lat="-37.8638" lon="144.97251"/>
      <trkpt lat="-37.86386" lon="144.97251"/>
      <trkpt lat="-37.86392" lon="144.97251"/>
      <trkpt lat="-37.86405" lon="144.97254"/>
      <trkpt lat="-37.86415" lon="144.97258"/>
      <trkpt lat="-37.86424" lon="144.97262"/>
      <trkpt lat="-37.86434" lon="144.97268"/>
      <trkpt lat="-37.86443" lon="144.97274"/>
      <trkpt lat="-37.86452" lon="144.97281"/>
      <trkpt lat="-37.86459" lon="144.97288"/>
      <trkpt lat="-37.86468" lon="144.97297"/>
      <trkpt lat="-37.86478" lon="144.97307"/>
      <trkpt lat="-37.86486" lon="144.97316"/>
      <trkpt lat="-37.86492" lon="144.97324"/>
      <trkpt lat="-37.86497" lon="144.97333"/>
      <trkpt lat="-37.86499" lon="144.97337"/>
      <trkpt lat="-37.86502" lon="144.97342"/>
      <trkpt lat="-37.86506" lon="144.97349"/>
      <trkpt lat="-37.8651" lon="144.97355"/>
      <trkpt lat="-37.86515" lon="144.97364"/>
      <trkpt lat="-37.86537" lon="144.97397"/>
      <trkpt lat="-37.86547" lon="144.9741"/>
      <trkpt lat="-37.86554" lon="144.97419"/>
      <trkpt lat="-37.86559" lon="144.97424"/>
      <trkpt lat="-37.86565" lon="144.97433"/>
      <trkpt lat="-37.86595" lon="144.97478"/>
      <trkpt lat="-37.86604" lon="144.97492"/>
      <trkpt lat="-37.86613" lon="144.97506"/>
      <trkpt lat="-37.86623" lon="144.97523"/>
      <trkpt lat="-37.86631" lon="144.97541"/>
      <trkpt lat="-37.86639" lon="144.97559"/>
      <trkpt lat="-37.86648" lon="144.97581"/>
      <trkpt lat="-37.86656" lon="144.97601"/>
      <trkpt lat="-37.86669" lon="144.97632"/>
      <trkpt lat="-37.86678" lon="144.97658"/>
      <trkpt lat="-37.86681" lon="144.97666"/>
      <trkpt lat="-37.86685" lon="144.97664"/>
      <trkpt lat="-37.86688" lon="144.97662"/>
      <trkpt lat="-37.86692" lon="144.9766"/>
      <trkpt lat="-37.86694" lon="144.97659"/>
      <trkpt lat="-37.867" lon="144.97657"/>
      <trkpt lat="-37.86703" lon="144.97655"/>
      <trkpt lat="-37.86706" lon="144.97655"/>
      <trkpt lat="-37.86707" lon="144.97654"/>
      <trkpt lat="-37.86712" lon="144.97652"/>
      <trkpt lat="-37.86716" lon="144.97651"/>
      <trkpt lat="-37.86721" lon="144.9765"/>
      <trkpt lat="-37.86727" lon="144.97648"/>
      <trkpt lat="-37.8673" lon="144.97648"/>
      <trkpt lat="-37.86733" lon="144.97647"/>
      <trkpt lat="-37.86736" lon="144.97647"/>
      <trkpt lat="-37.86738" lon="144.97646"/>
      <trkpt lat="-37.8674" lon="144.97645"/>
      <trkpt lat="-37.86746" lon="144.97642"/>
      <trkpt lat="-37.86755" lon="144.97637"/>
      <trkpt lat="-37.8678" lon="144.97624"/>
      <trkpt lat="-37.86802" lon="144.97612"/>
      <trkpt lat="-37.86829" lon="144.97598"/>
      <trkpt lat="-37.86846" lon="144.97589"/>
      <trkpt lat="-37.86862" lon="144.97587"/>
      <trkpt lat="-37.86864" lon="144.97586"/>
      <trkpt lat="-37.86865" lon="144.97586"/>
      <trkpt lat="-37.86866" lon="144.97585"/>
      <trkpt lat="-37.86868" lon="144.97584"/>
      <trkpt lat="-37.8687" lon="144.97583"/>
      <trkpt lat="-37.86871" lon="144.97582"/>
      <trkpt lat="-37.86872" lon="144.9758"/>
      <trkpt lat="-37.86872" lon="144.97579"/>
      <trkpt lat="-37.86874" lon="144.97576"/>
      <trkpt lat="-37.86876" lon="144.97573"/>
      <trkpt lat="-37.86879" lon="144.97564"/>
      <trkpt lat="-37.86888" lon="144.9757"/>
      <trkpt lat="-37.86913" lon="144.97585"/>
      <trkpt lat="-37.86925" lon="144.97592"/>
      <trkpt lat="-37.86936" lon="144.97599"/>
      <trkpt lat="-37.86942" lon="144.97603"/>
      <trkpt lat="-37.86951" lon="144.97607"/>
      <trkpt lat="-37.86957" lon="144.9761"/>
      <trkpt lat="-37.86965" lon="144.97613"/>
      <trkpt lat="-37.86975" lon="144.97616"/>
      <trkpt lat="-37.86984" lon="144.97618"/>
      <trkpt lat="-37.8705" lon="144.97627"/>
      <trkpt lat="-37.87056" lon="144.97628"/>
      <trkpt lat="-37.87157" lon="144.97641"/>
      <trkpt lat="-37.87189" lon="144.97646"/>
      <trkpt lat="-37.872" lon="144.97647"/>
      <trkpt lat="-37.87204" lon="144.97636"/>
      <trkpt lat="-37.8719" lon="144.97634"/>
      <trkpt lat="-37.87165" lon="144.97631"/>
      <trkpt lat="-37.87057" lon="144.97616"/>
      <trkpt lat="-37.87049" lon="144.97615"/>
      <trkpt lat="-37.87022" lon="144.97611"/>
      <trkpt lat="-37.86999" lon="144.97608"/>
      <trkpt lat="-37.86994" lon="144.97607"/>
      <trkpt lat="-37.86988" lon="144.97606"/>
      <trkpt lat="-37.86982" lon="144.97604"/>
      <trkpt lat="-37.86977" lon="144.97603"/>
      <trkpt lat="-37.86971" lon="144.97601"/>
      <trkpt lat="-37.86966" lon="144.97599"/>
      <trkpt lat="-37.8696" lon="144.97596"/>
      <trkpt lat="-37.86953" lon="144.97592"/>
      <trkpt lat="-37.86948" lon="144.97589"/>
      <trkpt lat="-37.86939" lon="144.97584"/>
      <trkpt lat="-37.86922" lon="144.97573"/>
      <trkpt lat="-37.86897" lon="144.97558"/>
      <trkpt lat="-37.86892" lon="144.97555"/>
      <trkpt lat="-37.86881" lon="144.97548"/>
      <trkpt lat="-37.86871" lon="144.97559"/>
      <trkpt lat="-37.86879" lon="144.97564"/>
      <trkpt lat="-37.86888" lon="144.9757"/>
      <trkpt lat="-37.86913" lon="144.97585"/>
      <trkpt lat="-37.86925" lon="144.97592"/>
      <trkpt lat="-37.86936" lon="144.97599"/>
      <trkpt lat="-37.86942" lon="144.97603"/>
      <trkpt lat="-37.86951" lon="144.97607"/>
      <trkpt lat="-37.86957" lon="144.9761"/>
      <trkpt lat="-37.86965" lon="144.97613"/>
      <trkpt lat="-37.86975" lon="144.97616"/>
      <trkpt lat="-37.86984" lon="144.97618"/>
      <trkpt lat="-37.8705" lon="144.97627"/>
      <trkpt lat="-37.87056" lon="144.97628"/>
      <trkpt lat="-37.87157" lon="144.97641"/>
      <trkpt lat="-37.87189" lon="144.97646"/>
      <trkpt lat="-37.872" lon="144.97647"/>
      <trkpt lat="-37.8721" lon="144.97648"/>
      <trkpt lat="-37.87298" lon="144.9766"/>
      <trkpt lat="-37.87301" lon="144.97661"/>
      <trkpt lat="-37.87406" lon="144.97675"/>
      <trkpt lat="-37.8745" lon="144.97681"/>
      <trkpt lat="-37.87486" lon="144.97686"/>
      <trkpt lat="-37.87495" lon="144.97688"/>
      <trkpt lat="-37.87515" lon="144.9769"/>
      <trkpt lat="-37.87521" lon="144.97691"/>
      <trkpt lat="-37.87528" lon="144.97692"/>
      <trkpt lat="-37.87534" lon="144.97693"/>
      <trkpt lat="-37.87542" lon="144.97694"/>
      <trkpt lat="-37.87625" lon="144.97706"/>
      <trkpt lat="-37.87627" lon="144.97706"/>
      <trkpt lat="-37.87633" lon="144.97707"/>
      <trkpt lat="-37.87705" lon="144.97716"/>
      <trkpt lat="-37.87711" lon="144.97717"/>
      <trkpt lat="-37.87716" lon="144.97718"/>
      <trkpt lat="-37.87871" lon="144.97739"/>
      <trkpt lat="-37.87888" lon="144.97741"/>
      <trkpt lat="-37.87889" lon="144.97741"/>
      <trkpt lat="-37.87892" lon="144.97742"/>
      <trkpt lat="-37.87895" lon="144.97742"/>
      <trkpt lat="-37.87968" lon="144.97752"/>
      <trkpt lat="-37.87978" lon="144.97754"/>
      <trkpt lat="-37.87991" lon="144.97756"/>
      <trkpt lat="-37.87992" lon="144.97771"/>
      <trkpt lat="-37.87994" lon="144.97788"/>
      <trkpt lat="-37.87998" lon="144.97822"/>
      <trkpt lat="-37.88003" lon="144.97864"/>
      <trkpt lat="-37.88003" lon="144.97872"/>
      <trkpt lat="-37.88019" lon="144.97869"/>
      <trkpt lat="-37.8802" lon="144.97877"/>
      <trkpt lat="-37.8802" lon="144.9788"/>
      <trkpt lat="-37.88028" lon="144.97936"/>
      <trkpt lat="-37.88033" lon="144.97978"/>
      <trkpt lat="-37.88032" lon="144.97993"/>
      <trkpt lat="-37.88032" lon="144.97997"/>
      <trkpt lat="-37.88031" lon="144.97998"/>
      <trkpt lat="-37.88031" lon="144.97999"/>
      <trkpt lat="-37.8803" lon="144.98002"/>
      <trkpt lat="-37.8803" lon="144.98004"/>
      <trkpt lat="-37.88031" lon="144.98006"/>
      <trkpt lat="-37.88032" lon="144.98008"/>
      <trkpt lat="-37.88034" lon="144.98009"/>
      <trkpt lat="-37.88035" lon="144.98013"/>
      <trkpt lat="-37.88039" lon="144.98025"/>
      <trkpt lat="-37.88045" lon="144.9807"/>
      <trkpt lat="-37.8805" lon="144.98116"/>
      <trkpt lat="-37.88049" lon="144.98133"/>
      <trkpt lat="-37.88049" lon="144.98137"/>
      <trkpt lat="-37.88048" lon="144.98139"/>
      <trkpt lat="-37.88048" lon="144.9814"/>
      <trkpt lat="-37.88047" lon="144.98142"/>
      <trkpt lat="-37.88047" lon="144.98144"/>
      <trkpt lat="-37.88048" lon="144.98146"/>
      <trkpt lat="-37.88049" lon="144.98148"/>
      <trkpt lat="-37.8805" lon="144.98149"/>
      <trkpt lat="-37.88051" lon="144.9815"/>
      <trkpt lat="-37.88052" lon="144.98154"/>
      <trkpt lat="-37.88056" lon="144.98167"/>
      <trkpt lat="-37.88062" lon="144.98213"/>
      <trkpt lat="-37.88054" lon="144.98215"/>
      <trkpt lat="-37.88003" lon="144.98225"/>
      <trkpt lat="-37.88054" lon="144.98215"/>
      <trkpt lat="-37.88062" lon="144.98213"/>
      <trkpt lat="-37.88066" lon="144.98245"/>
      <trkpt lat="-37.88067" lon="144.98274"/>
      <trkpt lat="-37.88066" lon="144.9828"/>
      <trkpt lat="-37.88065" lon="144.98282"/>
      <trkpt lat="-37.88063" lon="144.98285"/>
      <trkpt lat="-37.88063" lon="144.98289"/>
      <trkpt lat="-37.88064" lon="144.98292"/>
      <trkpt lat="-37.88065" lon="144.98295"/>
      <trkpt lat="-37.88067" lon="144.98298"/>
      <trkpt lat="-37.8807" lon="144.98299"/>
      <trkpt lat="-37.88072" lon="144.983"/>
      <trkpt lat="-37.88074" lon="144.98299"/>
      <trkpt lat="-37.88077" lon="144.98298"/>
      <trkpt lat="-37.88079" lon="144.98296"/>
      <trkpt lat="-37.8808" lon="144.98294"/>
      <trkpt lat="-37.88084" lon="144.98293"/>
      <trkpt lat="-37.88086" lon="144.98292"/>
      <trkpt lat="-37.88095" lon="144.9829"/>
      <trkpt lat="-37.88173" lon="144.98274"/>
      <trkpt lat="-37.88176" lon="144.98274"/>
      <trkpt lat="-37.88178" lon="144.98273"/>
      <trkpt lat="-37.88186" lon="144.9827"/>
      <trkpt lat="-37.8819" lon="144.98269"/>
      <trkpt lat="-37.88194" lon="144.98267"/>
      <trkpt lat="-37.88196" lon="144.98267"/>
      <trkpt lat="-37.88199" lon="144.98267"/>
      <trkpt lat="-37.88201" lon="144.98267"/>
      <trkpt lat="-37.88208" lon="144.98267"/>
      <trkpt lat="-37.88209" lon="144.98267"/>
      <trkpt lat="-37.8821" lon="144.98267"/>
      <trkpt lat="-37.88211" lon="144.98267"/>
      <trkpt lat="-37.88213" lon="144.98267"/>
      <trkpt lat="-37.88215" lon="144.98268"/>
      <trkpt lat="-37.88216" lon="144.98269"/>
      <trkpt lat="-37.88217" lon="144.9827"/>
      <trkpt lat="-37.88217" lon="144.98271"/>
      <trkpt lat="-37.88218" lon="144.98272"/>
      <trkpt lat="-37.88219" lon="144.98275"/>
      <trkpt lat="-37.8822" lon="144.98278"/>
      <trkpt lat="-37.88221" lon="144.98281"/>
      <trkpt lat="-37.88222" lon="144.98285"/>
      <trkpt lat="-37.88223" lon="144.9829"/>
      <trkpt lat="-37.88223" lon="144.98293"/>
      <trkpt lat="-37.88224" lon="144.98296"/>
      <trkpt lat="-37.88226" lon="144.98299"/>
      <trkpt lat="-37.88228" lon="144.98323"/>
      <trkpt lat="-37.88238" lon="144.98407"/>
      <trkpt lat="-37.88249" lon="144.98503"/>
      <trkpt lat="-37.8825" lon="144.98519"/>
      <trkpt lat="-37.88253" lon="144.9854"/>
      <trkpt lat="-37.88261" lon="144.98622"/>
      <trkpt lat="-37.88269" lon="144.98687"/>
      <trkpt lat="-37.88269" lon="144.98697"/>
      <trkpt lat="-37.88272" lon="144.98718"/>
      <trkpt lat="-37.88273" lon="144.98728"/>
      <trkpt lat="-37.88274" lon="144.98741"/>
      <trkpt lat="-37.88279" lon="144.98788"/>
      <trkpt lat="-37.88286" lon="144.98849"/>
      <trkpt lat="-37.88292" lon="144.98907"/>
      <trkpt lat="-37.88307" lon="144.99053"/>
      <trkpt lat="-37.88314" lon="144.99118"/>
      <trkpt lat="-37.88317" lon="144.9914"/>
      <trkpt lat="-37.8832" lon="144.99174"/>
      <trkpt lat="-37.88325" lon="144.9921"/>
      <trkpt lat="-37.88325" lon="144.99217"/>
      <trkpt lat="-37.88327" lon="144.99229"/>
      <trkpt lat="-37.88335" lon="144.99228"/>
      <trkpt lat="-37.88337" lon="144.99227"/>
      <trkpt lat="-37.8835" lon="144.99225"/>
      <trkpt lat="-37.88355" lon="144.99224"/>
      <trkpt lat="-37.88363" lon="144.99223"/>
      <trkpt lat="-37.88366" lon="144.99222"/>
      <trkpt lat="-37.88373" lon="144.9922"/>
      <trkpt lat="-37.88385" lon="144.99216"/>
      <trkpt lat="-37.88388" lon="144.99216"/>
      <trkpt lat="-37.88428" lon="144.99208"/>
      <trkpt lat="-37.8844" lon="144.99206"/>
      <trkpt lat="-37.88487" lon="144.99197"/>
      <trkpt lat="-37.8852" lon="144.99191"/>
      <trkpt lat="-37.88531" lon="144.99188"/>
      <trkpt lat="-37.88553" lon="144.99183"/>
      <trkpt lat="-37.88561" lon="144.99181"/>
      <trkpt lat="-37.88569" lon="144.99179"/>
      <trkpt lat="-37.88576" lon="144.99177"/>
      <trkpt lat="-37.88588" lon="144.99175"/>
      <trkpt lat="-37.88603" lon="144.99172"/>
      <trkpt lat="-37.88612" lon="144.99171"/>
      <trkpt lat="-37.88618" lon="144.9917"/>
      <trkpt lat="-37.88628" lon="144.9917"/>
      <trkpt lat="-37.88633" lon="144.99169"/>
      <trkpt lat="-37.88642" lon="144.99168"/>
      <trkpt lat="-37.88731" lon="144.99151"/>
      <trkpt lat="-37.8875" lon="144.99148"/>
      <trkpt lat="-37.88756" lon="144.9915"/>
      <trkpt lat="-37.88765" lon="144.99151"/>
      <trkpt lat="-37.88766" lon="144.99152"/>
      <trkpt lat="-37.88767" lon="144.99152"/>
      <trkpt lat="-37.88769" lon="144.99153"/>
      <trkpt lat="-37.88771" lon="144.99154"/>
      <trkpt lat="-37.88772" lon="144.99154"/>
      <trkpt lat="-37.88773" lon="144.99153"/>
      <trkpt lat="-37.88775" lon="144.99153"/>
      <trkpt lat="-37.88777" lon="144.99151"/>
      <trkpt lat="-37.88779" lon="144.9915"/>
      <trkpt lat="-37.88779" lon="144.99149"/>
      <trkpt lat="-37.8878" lon="144.99148"/>
      <trkpt lat="-37.8878" lon="144.99147"/>
      <trkpt lat="-37.88787" lon="144.99144"/>
      <trkpt lat="-37.88799" lon="144.99138"/>
      <trkpt lat="-37.88847" lon="144.99129"/>
      <trkpt lat="-37.88973" lon="144.99105"/>
      <trkpt lat="-37.89064" lon="144.99088"/>
      <trkpt lat="-37.89087" lon="144.99084"/>
      <trkpt lat="-37.89094" lon="144.99086"/>
      <trkpt lat="-37.8911" lon="144.99084"/>
      <trkpt lat="-37.89113" lon="144.99083"/>
      <trkpt lat="-37.89123" lon="144.99081"/>
      <trkpt lat="-37.89136" lon="144.99073"/>
      <trkpt lat="-37.89138" lon="144.99073"/>
      <trkpt lat="-37.8914" lon="144.99073"/>
      <trkpt lat="-37.89144" lon="144.99073"/>
      <trkpt lat="-37.89146" lon="144.99073"/>
      <trkpt lat="-37.89149" lon="144.99073"/>
      <trkpt lat="-37.89155" lon="144.99071"/>
      <trkpt lat="-37.89162" lon="144.9907"/>
      <trkpt lat="-37.89165" lon="144.99069"/>
      <trkpt lat="-37.89173" lon="144.99068"/>
      <trkpt lat="-37.89181" lon="144.99066"/>
      <trkpt lat="-37.89184" lon="144.99066"/>
      <trkpt lat="-37.8921" lon="144.99061"/>
      <trkpt lat="-37.89269" lon="144.9905"/>
      <trkpt lat="-37.89272" lon="144.99049"/>
      <trkpt lat="-37.8936" lon="144.99033"/>
      <trkpt lat="-37.89371" lon="144.99031"/>
      <trkpt lat="-37.89381" lon="144.99029"/>
      <trkpt lat="-37.89447" lon="144.99016"/>
      <trkpt lat="-37.89488" lon="144.99008"/>
      <trkpt lat="-37.89545" lon="144.98997"/>
      <trkpt lat="-37.89558" lon="144.98995"/>
      <trkpt lat="-37.89561" lon="144.98995"/>
      <trkpt lat="-37.89569" lon="144.98993"/>
      <trkpt lat="-37.89577" lon="144.98992"/>
      <trkpt lat="-37.89579" lon="144.98991"/>
      <trkpt lat="-37.89645" lon="144.98979"/>
      <trkpt lat="-37.89679" lon="144.98972"/>
      <trkpt lat="-37.89694" lon="144.9897"/>
      <trkpt lat="-37.89724" lon="144.98964"/>
      <trkpt lat="-37.89749" lon="144.9896"/>
      <trkpt lat="-37.89758" lon="144.98958"/>
      <trkpt lat="-37.89776" lon="144.98955"/>
      <trkpt lat="-37.89778" lon="144.98967"/>
      <trkpt lat="-37.89778" lon="144.98971"/>
      <trkpt lat="-37.89784" lon="144.99015"/>
      <trkpt lat="-37.89788" lon="144.99056"/>
      <trkpt lat="-37.898" lon="144.99161"/>
      <trkpt lat="-37.89805" lon="144.99199"/>
      <trkpt lat="-37.89816" lon="144.99297"/>
      <trkpt lat="-37.89819" lon="144.99322"/>
      <trkpt lat="-37.89825" lon="144.99366"/>
      <trkpt lat="-37.8983" lon="144.99418"/>
      <trkpt lat="-37.89831" lon="144.99423"/>
      <trkpt lat="-37.89832" lon="144.99433"/>
      <trkpt lat="-37.89849" lon="144.99429"/>
      <trkpt lat="-37.89851" lon="144.99429"/>
      <trkpt lat="-37.89854" lon="144.99428"/>
      <trkpt lat="-37.8987" lon="144.99425"/>
      <trkpt lat="-37.89901" lon="144.99419"/>
      <trkpt lat="-37.89934" lon="144.99413"/>
      <trkpt lat="-37.89937" lon="144.99412"/>
      <trkpt lat="-37.90022" lon="144.99396"/>
      <trkpt lat="-37.90112" lon="144.99379"/>
      <trkpt lat="-37.90172" lon="144.99367"/>
      <trkpt lat="-37.902" lon="144.99362"/>
      <trkpt lat="-37.90264" lon="144.99349"/>
      <trkpt lat="-37.90301" lon="144.99342"/>
      <trkpt lat="-37.90318" lon="144.99339"/>
      <trkpt lat="-37.90362" lon="144.99331"/>
      <trkpt lat="-37.90371" lon="144.99329"/>
      <trkpt lat="-37.90393" lon="144.99325"/>
      <trkpt lat="-37.90421" lon="144.99319"/>
      <trkpt lat="-37.90425" lon="144.99319"/>
      <trkpt lat="-37.90426" lon="144.99318"/>
      <trkpt lat="-37.90435" lon="144.99317"/>
      <trkpt lat="-37.90443" lon="144.99315"/>
      <trkpt lat="-37.90445" lon="144.99315"/>
      <trkpt lat="-37.9045" lon="144.99314"/>
      <trkpt lat="-37.90454" lon="144.99313"/>
      <trkpt lat="-37.90462" lon="144.99312"/>
      <trkpt lat="-37.90476" lon="144.99309"/>
      <trkpt lat="-37.90526" lon="144.993"/>
      <trkpt lat="-37.90547" lon="144.99295"/>
      <trkpt lat="-37.90556" lon="144.99294"/>
      <trkpt lat="-37.90616" lon="144.99282"/>
      <trkpt lat="-37.90629" lon="144.99279"/>
      <trkpt lat="-37.90675" lon="144.99271"/>
      <trkpt lat="-37.90737" lon="144.99259"/>
      <trkpt lat="-37.90817" lon="144.99244"/>
      <trkpt lat="-37.90904" lon="144.99228"/>
      <trkpt lat="-37.90969" lon="144.99215"/>
      <trkpt lat="-37.90975" lon="144.99214"/>
      <trkpt lat="-37.91056" lon="144.99198"/>
      <trkpt lat="-37.91114" lon="144.99188"/>
      <trkpt lat="-37.91128" lon="144.99185"/>
      <trkpt lat="-37.91143" lon="144.99182"/>
      <trkpt lat="-37.91154" lon="144.9918"/>
      <trkpt lat="-37.91172" lon="144.99177"/>
      <trkpt lat="-37.91177" lon="144.99176"/>
      <trkpt lat="-37.91186" lon="144.99174"/>
      <trkpt lat="-37.91197" lon="144.99172"/>
      <trkpt lat="-37.91207" lon="144.9917"/>
      <trkpt lat="-37.91214" lon="144.99169"/>
      <trkpt lat="-37.91224" lon="144.99167"/>
      <trkpt lat="-37.91226" lon="144.99166"/>
      <trkpt lat="-37.91271" lon="144.99158"/>
      <trkpt lat="-37.91272" lon="144.99158"/>
      <trkpt lat="-37.91278" lon="144.99158"/>
      <trkpt lat="-37.91294" lon="144.99158"/>
      <trkpt lat="-37.91296" lon="144.99158"/>
      <trkpt lat="-37.91298" lon="144.99158"/>
      <trkpt lat="-37.913" lon="144.99158"/>
      <trkpt lat="-37.91301" lon="144.99159"/>
      <trkpt lat="-37.91302" lon="144.99159"/>
      <trkpt lat="-37.91304" lon="144.9916"/>
      <trkpt lat="-37.91305" lon="144.9916"/>
      <trkpt lat="-37.91306" lon="144.99161"/>
      <trkpt lat="-37.91307" lon="144.99162"/>
      <trkpt lat="-37.91308" lon="144.99164"/>
      <trkpt lat="-37.91309" lon="144.99165"/>
      <trkpt lat="-37.91311" lon="144.99166"/>
      <trkpt lat="-37.91313" lon="144.99166"/>
      <trkpt lat="-37.91314" lon="144.99166"/>
      <trkpt lat="-37.91316" lon="144.99166"/>
      <trkpt lat="-37.91317" lon="144.99166"/>
      <trkpt lat="-37.91318" lon="144.99165"/>
      <trkpt lat="-37.9132" lon="144.99164"/>
      <trkpt lat="-37.91321" lon="144.99162"/>
      <trkpt lat="-37.91322" lon="144.99161"/>
      <trkpt lat="-37.91322" lon="144.99159"/>
      <trkpt lat="-37.91323" lon="144.99157"/>
      <trkpt lat="-37.91326" lon="144.99156"/>
      <trkpt lat="-37.91327" lon="144.99156"/>
      <trkpt lat="-37.91328" lon="144.99156"/>
      <trkpt lat="-37.9133" lon="144.99156"/>
      <trkpt lat="-37.91336" lon="144.99156"/>
      <trkpt lat="-37.91338" lon="144.99156"/>
      <trkpt lat="-37.91341" lon="144.99156"/>
      <trkpt lat="-37.91343" lon="144.99155"/>
      <trkpt lat="-37.91347" lon="144.99155"/>
      <trkpt lat="-37.91354" lon="144.99157"/>
      <trkpt lat="-37.91365" lon="144.9916"/>
      <trkpt lat="-37.91381" lon="144.99164"/>
      <trkpt lat="-37.91465" lon="144.99186"/>
      <trkpt lat="-37.91477" lon="144.99189"/>
      <trkpt lat="-37.91501" lon="144.99196"/>
      <trkpt lat="-37.91477" lon="144.99189"/>
      <trkpt lat="-37.91465" lon="144.99186"/>
      <trkpt lat="-37.91381" lon="144.99164"/>
      <trkpt lat="-37.91365" lon="144.9916"/>
      <trkpt lat="-37.91354" lon="144.99157"/>
      <trkpt lat="-37.91347" lon="144.99155"/>
      <trkpt lat="-37.91342" lon="144.99152"/>
      <trkpt lat="-37.9134" lon="144.99151"/>
      <trkpt lat="-37.91338" lon="144.99151"/>
      <trkpt lat="-37.91328" lon="144.99148"/>
      <trkpt lat="-37.91319" lon="144.99145"/>
      <trkpt lat="-37.91318" lon="144.99144"/>
      <trkpt lat="-37.91316" lon="144.99143"/>
      <trkpt lat="-37.91315" lon="144.99143"/>
      <trkpt lat="-37.91313" lon="144.99143"/>
      <trkpt lat="-37.91311" lon="144.99143"/>
      <trkpt lat="-37.91309" lon="144.99144"/>
      <trkpt lat="-37.91308" lon="144.99146"/>
      <trkpt lat="-37.91307" lon="144.99146"/>
      <trkpt lat="-37.91297" lon="144.9915"/>
      <trkpt lat="-37.91294" lon="144.9915"/>
      <trkpt lat="-37.91272" lon="144.99158"/>
      <trkpt lat="-37.91271" lon="144.99158"/>
      <trkpt lat="-37.91226" lon="144.99166"/>
      <trkpt lat="-37.91224" lon="144.99167"/>
      <trkpt lat="-37.91214" lon="144.99169"/>
      <trkpt lat="-37.91207" lon="144.9917"/>
      <trkpt lat="-37.91197" lon="144.99172"/>
      <trkpt lat="-37.91186" lon="144.99174"/>
      <trkpt lat="-37.91177" lon="144.99176"/>
      <trkpt lat="-37.91172" lon="144.99177"/>
      <trkpt lat="-37.91154" lon="144.9918"/>
      <trkpt lat="-37.91143" lon="144.99182"/>
      <trkpt lat="-37.91128" lon="144.99185"/>
      <trkpt lat="-37.91114" lon="144.99188"/>
      <trkpt lat="-37.91056" lon="144.99198"/>
      <trkpt lat="-37.90975" lon="144.99214"/>
      <trkpt lat="-37.90969" lon="144.99215"/>
      <trkpt lat="-37.90904" lon="144.99228"/>
      <trkpt lat="-37.90817" lon="144.99244"/>
      <trkpt lat="-37.90737" lon="144.99259"/>
      <trkpt lat="-37.90675" lon="144.99271"/>
      <trkpt lat="-37.90629" lon="144.99279"/>
      <trkpt lat="-37.90616" lon="144.99282"/>
      <trkpt lat="-37.90556" lon="144.99294"/>
      <trkpt lat="-37.90547" lon="144.99295"/>
      <trkpt lat="-37.90526" lon="144.993"/>
      <trkpt lat="-37.90476" lon="144.99309"/>
      <trkpt lat="-37.90462" lon="144.99312"/>
      <trkpt lat="-37.90454" lon="144.99313"/>
      <trkpt lat="-37.9045" lon="144.99314"/>
      <trkpt lat="-37.90445" lon="144.99315"/>
      <trkpt lat="-37.90443" lon="144.99315"/>
      <trkpt lat="-37.90435" lon="144.99317"/>
      <trkpt lat="-37.90426" lon="144.99318"/>
      <trkpt lat="-37.90425" lon="144.99319"/>
      <trkpt lat="-37.90421" lon="144.99319"/>
      <trkpt lat="-37.90393" lon="144.99325"/>
      <trkpt lat="-37.90371" lon="144.99329"/>
      <trkpt lat="-37.90362" lon="144.99331"/>
      <trkpt lat="-37.90318" lon="144.99339"/>
      <trkpt lat="-37.90301" lon="144.99342"/>
      <trkpt lat="-37.90264" lon="144.99349"/>
      <trkpt lat="-37.902" lon="144.99362"/>
      <trkpt lat="-37.90172" lon="144.99367"/>
      <trkpt lat="-37.90112" lon="144.99379"/>
      <trkpt lat="-37.90022" lon="144.99396"/>
      <trkpt lat="-37.89937" lon="144.99412"/>
      <trkpt lat="-37.89934" lon="144.99413"/>
      <trkpt lat="-37.89901" lon="144.99419"/>
      <trkpt lat="-37.8987" lon="144.99425"/>
      <trkpt lat="-37.89854" lon="144.99428"/>
      <trkpt lat="-37.89851" lon="144.99429"/>
      <trkpt lat="-37.89849" lon="144.99429"/>
      <trkpt lat="-37.89832" lon="144.99433"/>
      <trkpt lat="-37.89831" lon="144.99423"/>
      <trkpt lat="-37.8983" lon="144.99418"/>
      <trkpt lat="-37.89825" lon="144.99366"/>
      <trkpt lat="-37.89819" lon="144.99322"/>
      <trkpt lat="-37.89816" lon="144.99297"/>
      <trkpt lat="-37.89805" lon="144.99199"/>
      <trkpt lat="-37.898" lon="144.99161"/>
      <trkpt lat="-37.89788" lon="144.99056"/>
      <trkpt lat="-37.89784" lon="144.99015"/>
      <trkpt lat="-37.89778" lon="144.98971"/>
      <trkpt lat="-37.89778" lon="144.98967"/>
      <trkpt lat="-37.89776" lon="144.98955"/>
      <trkpt lat="-37.89758" lon="144.98958"/>
      <trkpt lat="-37.89749" lon="144.9896"/>
      <trkpt lat="-37.89724" lon="144.98964"/>
      <trkpt lat="-37.89694" lon="144.9897"/>
      <trkpt lat="-37.89679" lon="144.98972"/>
      <trkpt lat="-37.89645" lon="144.98979"/>
      <trkpt lat="-37.89579" lon="144.98991"/>
      <trkpt lat="-37.89577" lon="144.98992"/>
      <trkpt lat="-37.89569" lon="144.98993"/>
      <trkpt lat="-37.89561" lon="144.98995"/>
      <trkpt lat="-37.89558" lon="144.98995"/>
      <trkpt lat="-37.89545" lon="144.98997"/>
      <trkpt lat="-37.89488" lon="144.99008"/>
      <trkpt lat="-37.89447" lon="144.99016"/>
      <trkpt lat="-37.89381" lon="144.99029"/>
      <trkpt lat="-37.89371" lon="144.99031"/>
      <trkpt lat="-37.8936" lon="144.99033"/>
      <trkpt lat="-37.89272" lon="144.99049"/>
      <trkpt lat="-37.89269" lon="144.9905"/>
      <trkpt lat="-37.8921" lon="144.99061"/>
      <trkpt lat="-37.89184" lon="144.99066"/>
      <trkpt lat="-37.89181" lon="144.99066"/>
      <trkpt lat="-37.89173" lon="144.99068"/>
      <trkpt lat="-37.89165" lon="144.99069"/>
      <trkpt lat="-37.89162" lon="144.9907"/>
      <trkpt lat="-37.89155" lon="144.99071"/>
      <trkpt lat="-37.89151" lon="144.99064"/>
      <trkpt lat="-37.89148" lon="144.99062"/>
      <trkpt lat="-37.89146" lon="144.99062"/>
      <trkpt lat="-37.89144" lon="144.99061"/>
      <trkpt lat="-37.8914" lon="144.9906"/>
      <trkpt lat="-37.89137" lon="144.99059"/>
      <trkpt lat="-37.89129" lon="144.99056"/>
      <trkpt lat="-37.89127" lon="144.99055"/>
      <trkpt lat="-37.89126" lon="144.99055"/>
      <trkpt lat="-37.89124" lon="144.99055"/>
      <trkpt lat="-37.89122" lon="144.99055"/>
      <trkpt lat="-37.89121" lon="144.99056"/>
      <trkpt lat="-37.8912" lon="144.99056"/>
      <trkpt lat="-37.89118" lon="144.99057"/>
      <trkpt lat="-37.89117" lon="144.99058"/>
      <trkpt lat="-37.89113" lon="144.99061"/>
      <trkpt lat="-37.89104" lon="144.99069"/>
      <trkpt lat="-37.89103" lon="144.99071"/>
      <trkpt lat="-37.89099" lon="144.99074"/>
      <trkpt lat="-37.89094" lon="144.99077"/>
      <trkpt lat="-37.89087" lon="144.99084"/>
      <trkpt lat="-37.89064" lon="144.99088"/>
      <trkpt lat="-37.88973" lon="144.99105"/>
      <trkpt lat="-37.88847" lon="144.99129"/>
      <trkpt lat="-37.88799" lon="144.99138"/>
      <trkpt lat="-37.88785" lon="144.99136"/>
      <trkpt lat="-37.88777" lon="144.99136"/>
      <trkpt lat="-37.88776" lon="144.99135"/>
      <trkpt lat="-37.88775" lon="144.99134"/>
      <trkpt lat="-37.88773" lon="144.99134"/>
      <trkpt lat="-37.88771" lon="144.99134"/>
      <trkpt lat="-37.8877" lon="144.99134"/>
      <trkpt lat="-37.88769" lon="144.99135"/>
      <trkpt lat="-37.88767" lon="144.99135"/>
      <trkpt lat="-37.88766" lon="144.99137"/>
      <trkpt lat="-37.88764" lon="144.99137"/>
      <trkpt lat="-37.88763" lon="144.99138"/>
      <trkpt lat="-37.88762" lon="144.99139"/>
      <trkpt lat="-37.88762" lon="144.9914"/>
      <trkpt lat="-37.88762" lon="144.99141"/>
      <trkpt lat="-37.88755" lon="144.99145"/>
      <trkpt lat="-37.8875" lon="144.99148"/>
      <trkpt lat="-37.88731" lon="144.99151"/>
      <trkpt lat="-37.88642" lon="144.99168"/>
      <trkpt lat="-37.88633" lon="144.99169"/>
      <trkpt lat="-37.88628" lon="144.9917"/>
      <trkpt lat="-37.88618" lon="144.9917"/>
      <trkpt lat="-37.88612" lon="144.99171"/>
      <trkpt lat="-37.88603" lon="144.99172"/>
      <trkpt lat="-37.88588" lon="144.99175"/>
      <trkpt lat="-37.88576" lon="144.99177"/>
      <trkpt lat="-37.88569" lon="144.99179"/>
      <trkpt lat="-37.88561" lon="144.99181"/>
      <trkpt lat="-37.88553" lon="144.99183"/>
      <trkpt lat="-37.88531" lon="144.99188"/>
      <trkpt lat="-37.8852" lon="144.99191"/>
      <trkpt lat="-37.88487" lon="144.99197"/>
      <trkpt lat="-37.8844" lon="144.99206"/>
      <trkpt lat="-37.88428" lon="144.99208"/>
      <trkpt lat="-37.88388" lon="144.99216"/>
      <trkpt lat="-37.88385" lon="144.99216"/>
      <trkpt lat="-37.88373" lon="144.9922"/>
      <trkpt lat="-37.88366" lon="144.99222"/>
      <trkpt lat="-37.88363" lon="144.99223"/>
      <trkpt lat="-37.88355" lon="144.99224"/>
      <trkpt lat="-37.8835" lon="144.99225"/>
      <trkpt lat="-37.88337" lon="144.99227"/>
      <trkpt lat="-37.88335" lon="144.99228"/>
      <trkpt lat="-37.88327" lon="144.99229"/>
      <trkpt lat="-37.88325" lon="144.99217"/>
      <trkpt lat="-37.88325" lon="144.9921"/>
      <trkpt lat="-37.8832" lon="144.99174"/>
      <trkpt lat="-37.88317" lon="144.9914"/>
      <trkpt lat="-37.88314" lon="144.99118"/>
      <trkpt lat="-37.88307" lon="144.99053"/>
      <trkpt lat="-37.88292" lon="144.98907"/>
      <trkpt lat="-37.88286" lon="144.98849"/>
      <trkpt lat="-37.88279" lon="144.98788"/>
      <trkpt lat="-37.88274" lon="144.98741"/>
      <trkpt lat="-37.88273" lon="144.98728"/>
      <trkpt lat="-37.88272" lon="144.98718"/>
      <trkpt lat="-37.88269" lon="144.98697"/>
      <trkpt lat="-37.88269" lon="144.98687"/>
      <trkpt lat="-37.88261" lon="144.98622"/>
      <trkpt lat="-37.88253" lon="144.9854"/>
      <trkpt lat="-37.8825" lon="144.98519"/>
      <trkpt lat="-37.88249" lon="144.98503"/>
      <trkpt lat="-37.88238" lon="144.98407"/>
      <trkpt lat="-37.88228" lon="144.98323"/>
      <trkpt lat="-37.88226" lon="144.98299"/>
      <trkpt lat="-37.88226" lon="144.98294"/>
      <trkpt lat="-37.88226" lon="144.9829"/>
      <trkpt lat="-37.88227" lon="144.98288"/>
      <trkpt lat="-37.88227" lon="144.98286"/>
      <trkpt lat="-37.88227" lon="144.98282"/>
      <trkpt lat="-37.88228" lon="144.98279"/>
      <trkpt lat="-37.88229" lon="144.98277"/>
      <trkpt lat="-37.88229" lon="144.98275"/>
      <trkpt lat="-37.88229" lon="144.98273"/>
      <trkpt lat="-37.88231" lon="144.98272"/>
      <trkpt lat="-37.88233" lon="144.9827"/>
      <trkpt lat="-37.88234" lon="144.98268"/>
      <trkpt lat="-37.88235" lon="144.98265"/>
      <trkpt lat="-37.88236" lon="144.98263"/>
      <trkpt lat="-37.88236" lon="144.9826"/>
      <trkpt lat="-37.88236" lon="144.98257"/>
      <trkpt lat="-37.88235" lon="144.98254"/>
      <trkpt lat="-37.88234" lon="144.98252"/>
      <trkpt lat="-37.88233" lon="144.9825"/>
      <trkpt lat="-37.88231" lon="144.98248"/>
      <trkpt lat="-37.8823" lon="144.98247"/>
      <trkpt lat="-37.88228" lon="144.98246"/>
      <trkpt lat="-37.88226" lon="144.98245"/>
      <trkpt lat="-37.88224" lon="144.98245"/>
      <trkpt lat="-37.88222" lon="144.98246"/>
      <trkpt lat="-37.8822" lon="144.98247"/>
      <trkpt lat="-37.88218" lon="144.98248"/>
      <trkpt lat="-37.88216" lon="144.9825"/>
      <trkpt lat="-37.88216" lon="144.98251"/>
      <trkpt lat="-37.88215" lon="144.98252"/>
      <trkpt lat="-37.88211" lon="144.98254"/>
      <trkpt lat="-37.88209" lon="144.98255"/>
      <trkpt lat="-37.88206" lon="144.98256"/>
      <trkpt lat="-37.88175" lon="144.98262"/>
      <trkpt lat="-37.8817" lon="144.98263"/>
      <trkpt lat="-37.88093" lon="144.98278"/>
      <trkpt lat="-37.88085" lon="144.98279"/>
      <trkpt lat="-37.88077" lon="144.98279"/>
      <trkpt lat="-37.88075" lon="144.98278"/>
      <trkpt lat="-37.88074" lon="144.98277"/>
      <trkpt lat="-37.88073" lon="144.98272"/>
      <trkpt lat="-37.88066" lon="144.98245"/>
      <trkpt lat="-37.88062" lon="144.98213"/>
      <trkpt lat="-37.88054" lon="144.98215"/>
      <trkpt lat="-37.88003" lon="144.98225"/>
      <trkpt lat="-37.88054" lon="144.98215"/>
      <trkpt lat="-37.88062" lon="144.98213"/>
      <trkpt lat="-37.88056" lon="144.98167"/>
      <trkpt lat="-37.88057" lon="144.98153"/>
      <trkpt lat="-37.88057" lon="144.98149"/>
      <trkpt lat="-37.88058" lon="144.98147"/>
      <trkpt lat="-37.88059" lon="144.98145"/>
      <trkpt lat="-37.88062" lon="144.98144"/>
      <trkpt lat="-37.88077" lon="144.98138"/>
      <trkpt lat="-37.88153" lon="144.98123"/>
      <trkpt lat="-37.88154" lon="144.98123"/>
      <trkpt lat="-37.88198" lon="144.98114"/>
      <trkpt lat="-37.88199" lon="144.98114"/>
      <trkpt lat="-37.88206" lon="144.98113"/>
      <trkpt lat="-37.88198" lon="144.98045"/>
      <trkpt lat="-37.8819" lon="144.97972"/>
      <trkpt lat="-37.88185" lon="144.97929"/>
      <trkpt lat="-37.88182" lon="144.97906"/>
      <trkpt lat="-37.88179" lon="144.97874"/>
      <trkpt lat="-37.88176" lon="144.97852"/>
      <trkpt lat="-37.88176" lon="144.97849"/>
      <trkpt lat="-37.88175" lon="144.97845"/>
      <trkpt lat="-37.88175" lon="144.9784"/>
      <trkpt lat="-37.88175" lon="144.97835"/>
      <trkpt lat="-37.88175" lon="144.97834"/>
      <trkpt lat="-37.88176" lon="144.97833"/>
      <trkpt lat="-37.88177" lon="144.97832"/>
      <trkpt lat="-37.88178" lon="144.97831"/>
      <trkpt lat="-37.88179" lon="144.97829"/>
      <trkpt lat="-37.8818" lon="144.97827"/>
      <trkpt lat="-37.88182" lon="144.97825"/>
      <trkpt lat="-37.88183" lon="144.97823"/>
      <trkpt lat="-37.88184" lon="144.97822"/>
      <trkpt lat="-37.88185" lon="144.9782"/>
      <trkpt lat="-37.88185" lon="144.97819"/>
      <trkpt lat="-37.88186" lon="144.97817"/>
      <trkpt lat="-37.88187" lon="144.97815"/>
      <trkpt lat="-37.88187" lon="144.97813"/>
      <trkpt lat="-37.88187" lon="144.97809"/>
      <trkpt lat="-37.88189" lon="144.97799"/>
      <trkpt lat="-37.88189" lon="144.97798"/>
      <trkpt lat="-37.88192" lon="144.97782"/>
      <trkpt lat="-37.88191" lon="144.97781"/>
      <trkpt lat="-37.88181" lon="144.97776"/>
      <trkpt lat="-37.88177" lon="144.97775"/>
      <trkpt lat="-37.88163" lon="144.97769"/>
      <trkpt lat="-37.88146" lon="144.97763"/>
      <trkpt lat="-37.88122" lon="144.97757"/>
      <trkpt lat="-37.88102" lon="144.97754"/>
      <trkpt lat="-37.88086" lon="144.97752"/>
      <trkpt lat="-37.88074" lon="144.97751"/>
      <trkpt lat="-37.88065" lon="144.97751"/>
      <trkpt lat="-37.88026" lon="144.97746"/>
      <trkpt lat="-37.88011" lon="144.97744"/>
      <trkpt lat="-37.87919" lon="144.97732"/>
      <trkpt lat="-37.87905" lon="144.97731"/>
      <trkpt lat="-37.87903" lon="144.9773"/>
      <trkpt lat="-37.879" lon="144.9773"/>
      <trkpt lat="-37.87895" lon="144.97729"/>
      <trkpt lat="-37.87891" lon="144.97729"/>
      <trkpt lat="-37.87872" lon="144.97726"/>
      <trkpt lat="-37.87841" lon="144.97722"/>
      <trkpt lat="-37.87719" lon="144.97705"/>
      <trkpt lat="-37.87712" lon="144.97704"/>
      <trkpt lat="-37.87707" lon="144.97704"/>
      <trkpt lat="-37.8763" lon="144.97693"/>
      <trkpt lat="-37.87627" lon="144.97693"/>
      <trkpt lat="-37.87624" lon="144.97693"/>
      <trkpt lat="-37.87617" lon="144.97692"/>
      <trkpt lat="-37.87588" lon="144.97688"/>
      <trkpt lat="-37.87564" lon="144.97684"/>
      <trkpt lat="-37.87556" lon="144.97683"/>
      <trkpt lat="-37.87548" lon="144.97682"/>
      <trkpt lat="-37.8754" lon="144.97681"/>
      <trkpt lat="-37.87531" lon="144.9768"/>
      <trkpt lat="-37.87521" lon="144.97679"/>
      <trkpt lat="-37.87499" lon="144.97676"/>
      <trkpt lat="-37.87389" lon="144.97661"/>
      <trkpt lat="-37.87313" lon="144.97651"/>
      <trkpt lat="-37.87302" lon="144.97649"/>
      <trkpt lat="-37.87211" lon="144.97637"/>
      <trkpt lat="-37.87204" lon="144.97636"/>
      <trkpt lat="-37.8719" lon="144.97634"/>
      <trkpt lat="-37.87165" lon="144.97631"/>
      <trkpt lat="-37.87057" lon="144.97616"/>
      <trkpt lat="-37.87049" lon="144.97615"/>
      <trkpt lat="-37.87022" lon="144.97611"/>
      <trkpt lat="-37.86999" lon="144.97608"/>
      <trkpt lat="-37.86994" lon="144.97607"/>
      <trkpt lat="-37.86988" lon="144.97606"/>
      <trkpt lat="-37.86982" lon="144.97604"/>
      <trkpt lat="-37.86977" lon="144.97603"/>
      <trkpt lat="-37.86971" lon="144.97601"/>
      <trkpt lat="-37.86966" lon="144.97599"/>
      <trkpt lat="-37.8696" lon="144.97596"/>
      <trkpt lat="-37.86953" lon="144.97592"/>
      <trkpt lat="-37.86948" lon="144.97589"/>
      <trkpt lat="-37.86939" lon="144.97584"/>
      <trkpt lat="-37.86922" lon="144.97573"/>
      <trkpt lat="-37.86897" lon="144.97558"/>
      <trkpt lat="-37.86892" lon="144.97555"/>
      <trkpt lat="-37.86881" lon="144.97548"/>
      <trkpt lat="-37.86872" lon="144.97543"/>
      <trkpt lat="-37.8687" lon="144.97541"/>
      <trkpt lat="-37.86775" lon="144.97483"/>
      <trkpt lat="-37.86767" lon="144.97478"/>
      <trkpt lat="-37.86729" lon="144.97455"/>
      <trkpt lat="-37.86728" lon="144.97455"/>
      <trkpt lat="-37.86707" lon="144.97442"/>
      <trkpt lat="-37.867" lon="144.97438"/>
      <trkpt lat="-37.8668" lon="144.97426"/>
      <trkpt lat="-37.86663" lon="144.97415"/>
      <trkpt lat="-37.86644" lon="144.97403"/>
      <trkpt lat="-37.86634" lon="144.97397"/>
      <trkpt lat="-37.86631" lon="144.97395"/>
      <trkpt lat="-37.86625" lon="144.97392"/>
      <trkpt lat="-37.86623" lon="144.9739"/>
      <trkpt lat="-37.86607" lon="144.9738"/>
      <trkpt lat="-37.86599" lon="144.97373"/>
      <trkpt lat="-37.8659" lon="144.97364"/>
      <trkpt lat="-37.86588" lon="144.97363"/>
      <trkpt lat="-37.86583" lon="144.97356"/>
      <trkpt lat="-37.86582" lon="144.97355"/>
      <trkpt lat="-37.86568" lon="144.97338"/>
      <trkpt lat="-37.86548" lon="144.9731"/>
      <trkpt lat="-37.86544" lon="144.97304"/>
      <trkpt lat="-37.8654" lon="144.97298"/>
      <trkpt lat="-37.86534" lon="144.9729"/>
      <trkpt lat="-37.8652" lon="144.97274"/>
      <trkpt lat="-37.86511" lon="144.97265"/>
      <trkpt lat="-37.86506" lon="144.97261"/>
      <trkpt lat="-37.86501" lon="144.97256"/>
      <trkpt lat="-37.86499" lon="144.97255"/>
      <trkpt lat="-37.86485" lon="144.97245"/>
      <trkpt lat="-37.8647" lon="144.97235"/>
      <trkpt lat="-37.86451" lon="144.97223"/>
      <trkpt lat="-37.86447" lon="144.9722"/>
      <trkpt lat="-37.86444" lon="144.97219"/>
      <trkpt lat="-37.8644" lon="144.97217"/>
      <trkpt lat="-37.86438" lon="144.97216"/>
      <trkpt lat="-37.86432" lon="144.97214"/>
      <trkpt lat="-37.86426" lon="144.97212"/>
      <trkpt lat="-37.86423" lon="144.97211"/>
      <trkpt lat="-37.8642" lon="144.9721"/>
      <trkpt lat="-37.86416" lon="144.9721"/>
      <trkpt lat="-37.86406" lon="144.97208"/>
      <trkpt lat="-37.86383" lon="144.97208"/>
      <trkpt lat="-37.86359" lon="144.97211"/>
      <trkpt lat="-37.86328" lon="144.97216"/>
      <trkpt lat="-37.86313" lon="144.97218"/>
      <trkpt lat="-37.86299" lon="144.9722"/>
      <trkpt lat="-37.8629" lon="144.97223"/>
      <trkpt lat="-37.86286" lon="144.97225"/>
      <trkpt lat="-37.8628" lon="144.97228"/>
      <trkpt lat="-37.86276" lon="144.9723"/>
      <trkpt lat="-37.86273" lon="144.97232"/>
      <trkpt lat="-37.86271" lon="144.97233"/>
      <trkpt lat="-37.86266" lon="144.97237"/>
      <trkpt lat="-37.86254" lon="144.97247"/>
      <trkpt lat="-37.86248" lon="144.97252"/>
      <trkpt lat="-37.86242" lon="144.97256"/>
      <trkpt lat="-37.86236" lon="144.9726"/>
      <trkpt lat="-37.86228" lon="144.97264"/>
      <trkpt lat="-37.86222" lon="144.97267"/>
      <trkpt lat="-37.86212" lon="144.97271"/>
      <trkpt lat="-37.86202" lon="144.97273"/>
      <trkpt lat="-37.86194" lon="144.97273"/>
      <trkpt lat="-37.86186" lon="144.97273"/>
      <trkpt lat="-37.86176" lon="144.97273"/>
      <trkpt lat="-37.86168" lon="144.97272"/>
      <trkpt lat="-37.8616" lon="144.9727"/>
      <trkpt lat="-37.86157" lon="144.9727"/>
      <trkpt lat="-37.86155" lon="144.97269"/>
      <trkpt lat="-37.86142" lon="144.97266"/>
      <trkpt lat="-37.8614" lon="144.97265"/>
      <trkpt lat="-37.86137" lon="144.97264"/>
      <trkpt lat="-37.86135" lon="144.97271"/>
      <trkpt lat="-37.86133" lon="144.97275"/>
      <trkpt lat="-37.86133" lon="144.97278"/>
      <trkpt lat="-37.86132" lon="144.97281"/>
      <trkpt lat="-37.86132" lon="144.97284"/>
      <trkpt lat="-37.86131" lon="144.97286"/>
      <trkpt lat="-37.86131" lon="144.97289"/>
      <trkpt lat="-37.86131" lon="144.97291"/>
      <trkpt lat="-37.86132" lon="144.97293"/>
      <trkpt lat="-37.86132" lon="144.97294"/>
      <trkpt lat="-37.86132" lon="144.97296"/>
      <trkpt lat="-37.86133" lon="144.97297"/>
      <trkpt lat="-37.86134" lon="144.97299"/>
      <trkpt lat="-37.86134" lon="144.973"/>
      <trkpt lat="-37.86135" lon="144.97301"/>
      <trkpt lat="-37.86144" lon="144.9731"/>
      <trkpt lat="-37.86152" lon="144.97313"/>
      <trkpt lat="-37.86171" lon="144.97331"/>
      <trkpt lat="-37.86176" lon="144.97341"/>
      <trkpt lat="-37.86181" lon="144.97347"/>
      <trkpt lat="-37.86185" lon="144.97351"/>
      <trkpt lat="-37.8619" lon="144.97355"/>
      <trkpt lat="-37.86194" lon="144.97359"/>
      <trkpt lat="-37.86197" lon="144.97362"/>
      <trkpt lat="-37.862" lon="144.97365"/>
      <trkpt lat="-37.86204" lon="144.97368"/>
      <trkpt lat="-37.86208" lon="144.97362"/>
      <trkpt lat="-37.8621" lon="144.97359"/>
      <trkpt lat="-37.86213" lon="144.97355"/>
      <trkpt lat="-37.86238" lon="144.97312"/>
      <trkpt lat="-37.86244" lon="144.97302"/>
      <trkpt lat="-37.86246" lon="144.97298"/>
      <trkpt lat="-37.86249" lon="144.97295"/>
      <trkpt lat="-37.86252" lon="144.97291"/>
      <trkpt lat="-37.86257" lon="144.97286"/>
      <trkpt lat="-37.86265" lon="144.9728"/>
      <trkpt lat="-37.8627" lon="144.97276"/>
      <trkpt lat="-37.86274" lon="144.97274"/>
      <trkpt lat="-37.86279" lon="144.97271"/>
      <trkpt lat="-37.86283" lon="144.9727"/>
      <trkpt lat="-37.86291" lon="144.97268"/>
      <trkpt lat="-37.86295" lon="144.97267"/>
      <trkpt lat="-37.86299" lon="144.97266"/>
      <trkpt lat="-37.86372" lon="144.97252"/>
      <trkpt lat="-37.8638" lon="144.97251"/>
      <trkpt lat="-37.86386" lon="144.97251"/>
      <trkpt lat="-37.86392" lon="144.97251"/>
      <trkpt lat="-37.86405" lon="144.97254"/>
      <trkpt lat="-37.86406" lon="144.9725"/>
      <trkpt lat="-37.86406" lon="144.97247"/>
      <trkpt lat="-37.86407" lon="144.97243"/>
      <trkpt lat="-37.864" lon="144.97241"/>
      <trkpt lat="-37.86395" lon="144.9724"/>
      <trkpt lat="-37.86384" lon="144.97239"/>
      <trkpt lat="-37.86382" lon="144.97239"/>
      <trkpt lat="-37.86378" lon="144.97239"/>
      <trkpt lat="-37.86372" lon="144.9724"/>
      <trkpt lat="-37.86363" lon="144.97241"/>
      <trkpt lat="-37.86298" lon="144.97253"/>
      <trkpt lat="-37.86288" lon="144.97255"/>
      <trkpt lat="-37.86285" lon="144.97257"/>
      <trkpt lat="-37.86279" lon="144.97259"/>
      <trkpt lat="-37.86272" lon="144.97263"/>
      <trkpt lat="-37.86265" lon="144.97267"/>
      <trkpt lat="-37.86262" lon="144.97269"/>
      <trkpt lat="-37.86253" lon="144.97276"/>
      <trkpt lat="-37.86243" lon="144.97283"/>
      <trkpt lat="-37.86236" lon="144.97288"/>
      <trkpt lat="-37.86233" lon="144.97292"/>
      <trkpt lat="-37.8623" lon="144.97295"/>
      <trkpt lat="-37.86226" lon="144.973"/>
      <trkpt lat="-37.86202" lon="144.9734"/>
      <trkpt lat="-37.862" lon="144.97343"/>
      <trkpt lat="-37.86198" lon="144.97346"/>
      <trkpt lat="-37.86198" lon="144.97349"/>
      <trkpt lat="-37.86197" lon="144.97351"/>
      <trkpt lat="-37.86193" lon="144.97348"/>
      <trkpt lat="-37.86189" lon="144.97343"/>
      <trkpt lat="-37.8618" lon="144.97335"/>
      <trkpt lat="-37.86171" lon="144.97331"/>
      <trkpt lat="-37.86152" lon="144.97313"/>
      <trkpt lat="-37.86146" lon="144.97303"/>
      <trkpt lat="-37.86145" lon="144.97302"/>
      <trkpt lat="-37.86145" lon="144.97301"/>
      <trkpt lat="-37.86144" lon="144.97299"/>
      <trkpt lat="-37.86143" lon="144.97297"/>
      <trkpt lat="-37.86143" lon="144.97296"/>
      <trkpt lat="-37.86143" lon="144.97294"/>
      <trkpt lat="-37.86143" lon="144.97292"/>
      <trkpt lat="-37.86143" lon="144.97288"/>
      <trkpt lat="-37.86143" lon="144.97284"/>
      <trkpt lat="-37.86143" lon="144.97281"/>
      <trkpt lat="-37.86143" lon="144.97278"/>
      <trkpt lat="-37.86143" lon="144.97275"/>
      <trkpt lat="-37.86142" lon="144.97266"/>
      <trkpt lat="-37.8614" lon="144.97265"/>
      <trkpt lat="-37.86137" lon="144.97264"/>
      <trkpt lat="-37.86133" lon="144.97262"/>
      <trkpt lat="-37.8613" lon="144.97261"/>
      <trkpt lat="-37.86127" lon="144.9726"/>
      <trkpt lat="-37.86122" lon="144.97257"/>
      <trkpt lat="-37.86118" lon="144.97255"/>
      <trkpt lat="-37.86108" lon="144.9725"/>
      <trkpt lat="-37.86098" lon="144.97244"/>
      <trkpt lat="-37.86087" lon="144.97237"/>
      <trkpt lat="-37.86068" lon="144.97221"/>
      <trkpt lat="-37.86005" lon="144.97161"/>
      <trkpt lat="-37.85982" lon="144.9714"/>
      <trkpt lat="-37.85971" lon="144.97127"/>
      <trkpt lat="-37.85958" lon="144.97111"/>
      <trkpt lat="-37.85952" lon="144.97103"/>
      <trkpt lat="-37.85948" lon="144.97097"/>
      <trkpt lat="-37.85943" lon="144.97089"/>
      <trkpt lat="-37.85939" lon="144.97083"/>
      <trkpt lat="-37.85901" lon="144.97014"/>
      <trkpt lat="-37.85886" lon="144.96988"/>
      <trkpt lat="-37.85879" lon="144.96976"/>
      <trkpt lat="-37.85874" lon="144.96968"/>
      <trkpt lat="-37.85867" lon="144.96956"/>
      <trkpt lat="-37.85864" lon="144.96949"/>
      <trkpt lat="-37.85822" lon="144.96875"/>
      <trkpt lat="-37.85791" lon="144.96821"/>
      <trkpt lat="-37.85698" lon="144.96658"/>
      <trkpt lat="-37.85631" lon="144.96538"/>
      <trkpt lat="-37.85627" lon="144.96531"/>
      <trkpt lat="-37.85581" lon="144.96449"/>
      <trkpt lat="-37.85484" lon="144.96279"/>
      <trkpt lat="-37.8545" lon="144.96219"/>
      <trkpt lat="-37.85445" lon="144.96211"/>
      <trkpt lat="-37.85417" lon="144.96159"/>
      <trkpt lat="-37.85404" lon="144.96134"/>
      <trkpt lat="-37.85403" lon="144.96132"/>
      <trkpt lat="-37.85391" lon="144.96107"/>
      <trkpt lat="-37.85323" lon="144.95967"/>
      <trkpt lat="-37.85283" lon="144.95884"/>
      <trkpt lat="-37.85279" lon="144.95875"/>
      <trkpt lat="-37.85242" lon="144.95801"/>
      <trkpt lat="-37.85162" lon="144.95635"/>
      <trkpt lat="-37.85131" lon="144.95572"/>
      <trkpt lat="-37.85126" lon="144.95562"/>
      <trkpt lat="-37.85081" lon="144.95469"/>
      <trkpt lat="-37.8498" lon="144.95262"/>
      <trkpt lat="-37.84966" lon="144.95232"/>
      <trkpt lat="-37.84943" lon="144.95186"/>
      <trkpt lat="-37.84929" lon="144.95158"/>
      <trkpt lat="-37.84928" lon="144.95154"/>
      <trkpt lat="-37.84919" lon="144.95138"/>
      <trkpt lat="-37.84916" lon="144.9513"/>
      <trkpt lat="-37.84908" lon="144.95114"/>
      <trkpt lat="-37.84871" lon="144.95039"/>
      <trkpt lat="-37.84848" lon="144.94989"/>
      <trkpt lat="-37.84838" lon="144.94997"/>
      <trkpt lat="-37.84832" lon="144.95003"/>
      <trkpt lat="-37.8483" lon="144.95004"/>
      <trkpt lat="-37.84828" lon="144.95005"/>
      <trkpt lat="-37.84802" lon="144.95027"/>
      <trkpt lat="-37.84798" lon="144.95018"/>
      <trkpt lat="-37.84795" lon="144.95011"/>
      <trkpt lat="-37.84792" lon="144.95006"/>
      <trkpt lat="-37.84795" lon="144.95011"/>
      <trkpt lat="-37.84798" lon="144.95018"/>
      <trkpt lat="-37.84802" lon="144.95027"/>
      <trkpt lat="-37.84828" lon="144.95005"/>
      <trkpt lat="-37.8483" lon="144.95004"/>
      <trkpt lat="-37.84832" lon="144.95003"/>
      <trkpt lat="-37.84838" lon="144.94997"/>
      <trkpt lat="-37.84848" lon="144.94989"/>
      <trkpt lat="-37.8483" lon="144.94953"/>
      <trkpt lat="-37.84772" lon="144.94834"/>
      <trkpt lat="-37.84766" lon="144.94823"/>
      <trkpt lat="-37.84757" lon="144.94804"/>
      <trkpt lat="-37.84747" lon="144.94782"/>
      <trkpt lat="-37.84742" lon="144.94772"/>
      <trkpt lat="-37.84704" lon="144.94693"/>
      <trkpt lat="-37.84662" lon="144.94606"/>
      <trkpt lat="-37.84621" lon="144.94515"/>
      <trkpt lat="-37.84598" lon="144.94468"/>
      <trkpt lat="-37.84577" lon="144.94422"/>
      <trkpt lat="-37.84563" lon="144.94392"/>
      <trkpt lat="-37.84547" lon="144.9436"/>
      <trkpt lat="-37.84543" lon="144.94351"/>
      <trkpt lat="-37.84538" lon="144.94341"/>
      <trkpt lat="-37.84533" lon="144.9433"/>
      <trkpt lat="-37.84529" lon="144.94321"/>
      <trkpt lat="-37.84525" lon="144.94312"/>
      <trkpt lat="-37.84518" lon="144.94299"/>
      <trkpt lat="-37.84514" lon="144.9429"/>
      <trkpt lat="-37.84502" lon="144.94265"/>
      <trkpt lat="-37.84492" lon="144.94243"/>
      <trkpt lat="-37.84488" lon="144.94234"/>
      <trkpt lat="-37.84484" lon="144.94221"/>
      <trkpt lat="-37.84479" lon="144.94208"/>
      <trkpt lat="-37.84476" lon="144.94195"/>
      <trkpt lat="-37.84474" lon="144.94182"/>
      <trkpt lat="-37.84472" lon="144.94169"/>
      <trkpt lat="-37.84467" lon="144.9413"/>
      <trkpt lat="-37.84463" lon="144.94102"/>
      <trkpt lat="-37.84462" lon="144.94093"/>
      <trkpt lat="-37.84459" lon="144.94076"/>
      <trkpt lat="-37.84455" lon="144.94063"/>
      <trkpt lat="-37.84452" lon="144.94051"/>
      <trkpt lat="-37.84448" lon="144.94038"/>
      <trkpt lat="-37.84443" lon="144.94026"/>
      <trkpt lat="-37.84437" lon="144.94014"/>
      <trkpt lat="-37.84431" lon="144.94003"/>
      <trkpt lat="-37.84412" lon="144.9397"/>
      <trkpt lat="-37.84393" lon="144.93937"/>
      <trkpt lat="-37.84389" lon="144.93929"/>
      <trkpt lat="-37.84381" lon="144.93916"/>
      <trkpt lat="-37.84376" lon="144.93906"/>
      <trkpt lat="-37.8436" lon="144.9388"/>
      <trkpt lat="-37.84342" lon="144.93848"/>
      <trkpt lat="-37.84327" lon="144.93822"/>
      <trkpt lat="-37.84324" lon="144.93816"/>
      <trkpt lat="-37.84322" lon="144.93813"/>
      <trkpt lat="-37.8432" lon="144.93811"/>
      <trkpt lat="-37.84318" lon="144.93809"/>
      <trkpt lat="-37.84317" lon="144.93806"/>
      <trkpt lat="-37.84316" lon="144.93804"/>
      <trkpt lat="-37.84315" lon="144.93801"/>
      <trkpt lat="-37.84315" lon="144.93799"/>
      <trkpt lat="-37.84314" lon="144.93795"/>
      <trkpt lat="-37.84313" lon="144.93791"/>
      <trkpt lat="-37.84311" lon="144.93787"/>
      <trkpt lat="-37.84309" lon="144.93782"/>
      <trkpt lat="-37.84306" lon="144.93776"/>
      <trkpt lat="-37.84301" lon="144.93768"/>
      <trkpt lat="-37.84296" lon="144.93758"/>
      <trkpt lat="-37.84284" lon="144.93739"/>
      <trkpt lat="-37.84276" lon="144.93725"/>
      <trkpt lat="-37.84269" lon="144.93714"/>
      <trkpt lat="-37.84266" lon="144.93706"/>
      <trkpt lat="-37.84263" lon="144.93701"/>
      <trkpt lat="-37.84261" lon="144.93697"/>
      <trkpt lat="-37.84257" lon="144.9369"/>
      <trkpt lat="-37.84254" lon="144.93685"/>
      <trkpt lat="-37.84226" lon="144.93637"/>
      <trkpt lat="-37.84199" lon="144.93588"/>
      <trkpt lat="-37.84195" lon="144.9358"/>
      <trkpt lat="-37.84191" lon="144.93572"/>
      <trkpt lat="-37.8419" lon="144.93568"/>
      <trkpt lat="-37.84186" lon="144.93559"/>
      <trkpt lat="-37.84184" lon="144.93551"/>
      <trkpt lat="-37.84182" lon="144.93545"/>
      <trkpt lat="-37.8418" lon="144.93539"/>
      <trkpt lat="-37.84174" lon="144.93522"/>
      <trkpt lat="-37.84164" lon="144.93491"/>
      <trkpt lat="-37.84159" lon="144.93479"/>
      <trkpt lat="-37.84156" lon="144.93468"/>
      <trkpt lat="-37.84154" lon="144.9346"/>
      <trkpt lat="-37.84151" lon="144.93452"/>
      <trkpt lat="-37.84152" lon="144.93448"/>
      <trkpt lat="-37.84151" lon="144.93444"/>
      <trkpt lat="-37.8415" lon="144.9344"/>
      <trkpt lat="-37.84149" lon="144.93438"/>
      <trkpt lat="-37.84147" lon="144.93437"/>
      <trkpt lat="-37.84146" lon="144.93435"/>
      <trkpt lat="-37.84144" lon="144.93434"/>
      <trkpt lat="-37.84142" lon="144.93433"/>
      <trkpt lat="-37.8414" lon="144.93433"/>
      <trkpt lat="-37.84138" lon="144.93433"/>
      <trkpt lat="-37.84136" lon="144.93434"/>
      <trkpt lat="-37.84135" lon="144.93434"/>
      <trkpt lat="-37.84133" lon="144.93435"/>
      <trkpt lat="-37.84132" lon="144.93436"/>
      <trkpt lat="-37.84131" lon="144.93437"/>
      <trkpt lat="-37.8413" lon="144.93439"/>
      <trkpt lat="-37.84129" lon="144.93441"/>
      <trkpt lat="-37.84128" lon="144.93443"/>
      <trkpt lat="-37.84128" lon="144.93445"/>
      <trkpt lat="-37.84127" lon="144.93447"/>
      <trkpt lat="-37.84127" lon="144.9345"/>
      <trkpt lat="-37.84128" lon="144.93452"/>
      <trkpt lat="-37.84128" lon="144.93455"/>
      <trkpt lat="-37.84129" lon="144.93456"/>
      <trkpt lat="-37.8413" lon="144.93458"/>
      <trkpt lat="-37.84131" lon="144.93459"/>
      <trkpt lat="-37.84132" lon="144.93461"/>
      <trkpt lat="-37.84121" lon="144.93471"/>
      <trkpt lat="-37.841" lon="144.9349"/>
      <trkpt lat="-37.84096" lon="144.93494"/>
      <trkpt lat="-37.841" lon="144.9349"/>
      <trkpt lat="-37.84121" lon="144.93471"/>
      <trkpt lat="-37.84132" lon="144.93461"/>
      <trkpt lat="-37.84134" lon="144.93463"/>
      <trkpt lat="-37.84137" lon="144.93464"/>
      <trkpt lat="-37.8414" lon="144.93464"/>
      <trkpt lat="-37.84143" lon="144.93468"/>
      <trkpt lat="-37.84144" lon="144.93471"/>
      <trkpt lat="-37.84146" lon="144.93475"/>
      <trkpt lat="-37.8415" lon="144.93484"/>
      <trkpt lat="-37.84153" lon="144.93493"/>
      <trkpt lat="-37.84181" lon="144.9357"/>
      <trkpt lat="-37.84183" lon="144.93574"/>
      <trkpt lat="-37.84189" lon="144.93585"/>
      <trkpt lat="-37.84194" lon="144.93593"/>
      <trkpt lat="-37.84221" lon="144.93641"/>
      <trkpt lat="-37.84241" lon="144.93677"/>
      <trkpt lat="-37.84244" lon="144.93681"/>
      <trkpt lat="-37.84246" lon="144.93686"/>
      <trkpt lat="-37.84254" lon="144.93702"/>
      <trkpt lat="-37.84258" lon="144.93711"/>
      <trkpt lat="-37.84259" lon="144.93713"/>
      <trkpt lat="-37.84281" lon="144.93756"/>
      <trkpt lat="-37.84286" lon="144.93766"/>
      <trkpt lat="-37.8429" lon="144.93776"/>
      <trkpt lat="-37.84294" lon="144.93784"/>
      <trkpt lat="-37.84296" lon="144.93787"/>
      <trkpt lat="-37.84301" lon="144.93799"/>
      <trkpt lat="-37.84302" lon="144.93802"/>
      <trkpt lat="-37.84303" lon="144.93803"/>
      <trkpt lat="-37.84308" lon="144.93813"/>
      <trkpt lat="-37.84315" lon="144.93823"/>
      <trkpt lat="-37.84333" lon="144.93854"/>
      <trkpt lat="-37.84346" lon="144.93877"/>
      <trkpt lat="-37.84373" lon="144.93924"/>
      <trkpt lat="-37.8438" lon="144.93937"/>
      <trkpt lat="-37.84385" lon="144.93945"/>
      <trkpt lat="-37.84409" lon="144.93986"/>
      <trkpt lat="-37.84426" lon="144.94017"/>
      <trkpt lat="-37.84433" lon="144.94031"/>
      <trkpt lat="-37.84437" lon="144.94042"/>
      <trkpt lat="-37.8444" lon="144.9405"/>
      <trkpt lat="-37.84443" lon="144.9406"/>
      <trkpt lat="-37.84446" lon="144.94071"/>
      <trkpt lat="-37.84449" lon="144.94082"/>
      <trkpt lat="-37.84451" lon="144.94095"/>
      <trkpt lat="-37.84452" lon="144.94104"/>
      <trkpt lat="-37.84454" lon="144.94119"/>
      <trkpt lat="-37.84459" lon="144.9415"/>
      <trkpt lat="-37.84462" lon="144.94171"/>
      <trkpt lat="-37.84464" lon="144.94186"/>
      <trkpt lat="-37.84466" lon="144.94196"/>
      <trkpt lat="-37.8447" lon="144.94211"/>
      <trkpt lat="-37.84473" lon="144.94221"/>
      <trkpt lat="-37.84476" lon="144.9423"/>
      <trkpt lat="-37.84479" lon="144.9424"/>
      <trkpt lat="-37.84484" lon="144.94252"/>
      <trkpt lat="-37.84486" lon="144.94256"/>
      <trkpt lat="-37.84503" lon="144.94293"/>
      <trkpt lat="-37.84522" lon="144.94333"/>
      <trkpt lat="-37.84524" lon="144.94337"/>
      <trkpt lat="-37.84529" lon="144.9435"/>
      <trkpt lat="-37.84537" lon="144.94367"/>
      <trkpt lat="-37.84544" lon="144.94381"/>
      <trkpt lat="-37.84599" lon="144.94497"/>
      <trkpt lat="-37.84609" lon="144.94518"/>
      <trkpt lat="-37.8462" lon="144.94541"/>
      <trkpt lat="-37.84652" lon="144.94609"/>
      <trkpt lat="-37.84695" lon="144.947"/>
      <trkpt lat="-37.84725" lon="144.94765"/>
      <trkpt lat="-37.84729" lon="144.94773"/>
      <trkpt lat="-37.84752" lon="144.94821"/>
      <trkpt lat="-37.84757" lon="144.94831"/>
      <trkpt lat="-37.84762" lon="144.94842"/>
      <trkpt lat="-37.84767" lon="144.94852"/>
      <trkpt lat="-37.84787" lon="144.94892"/>
      <trkpt lat="-37.84789" lon="144.94896"/>
      <trkpt lat="-37.8482" lon="144.94961"/>
      <trkpt lat="-37.84832" lon="144.94986"/>
      <trkpt lat="-37.84838" lon="144.94997"/>
      <trkpt lat="-37.84832" lon="144.95003"/>
      <trkpt lat="-37.8483" lon="144.95004"/>
      <trkpt lat="-37.84828" lon="144.95005"/>
      <trkpt lat="-37.84802" lon="144.95027"/>
      <trkpt lat="-37.84798" lon="144.95018"/>
      <trkpt lat="-37.84795" lon="144.95011"/>
      <trkpt lat="-37.84792" lon="144.95006"/>
      <trkpt lat="-37.84795" lon="144.95011"/>
      <trkpt lat="-37.84798" lon="144.95018"/>
      <trkpt lat="-37.84802" lon="144.95027"/>
      <trkpt lat="-37.84828" lon="144.95005"/>
      <trkpt lat="-37.8483" lon="144.95004"/>
      <trkpt lat="-37.84832" lon="144.95003"/>
      <trkpt lat="-37.84838" lon="144.94997"/>
      <trkpt lat="-37.84843" lon="144.95007"/>
      <trkpt lat="-37.84885" lon="144.95093"/>
      <trkpt lat="-37.84898" lon="144.95118"/>
      <trkpt lat="-37.84899" lon="144.95121"/>
      <trkpt lat="-37.84904" lon="144.95132"/>
      <trkpt lat="-37.84912" lon="144.9515"/>
      <trkpt lat="-37.84919" lon="144.95164"/>
      <trkpt lat="-37.85071" lon="144.95477"/>
      <trkpt lat="-37.85109" lon="144.95553"/>
      <trkpt lat="-37.85112" lon="144.95561"/>
      <trkpt lat="-37.85153" lon="144.95643"/>
      <trkpt lat="-37.85175" lon="144.9569"/>
      <trkpt lat="-37.85209" lon="144.95761"/>
      <trkpt lat="-37.85233" lon="144.95809"/>
      <trkpt lat="-37.85252" lon="144.95848"/>
      <trkpt lat="-37.85263" lon="144.9587"/>
      <trkpt lat="-37.85266" lon="144.95878"/>
      <trkpt lat="-37.85287" lon="144.95919"/>
      <trkpt lat="-37.85314" lon="144.95974"/>
      <trkpt lat="-37.85394" lon="144.9614"/>
      <trkpt lat="-37.85395" lon="144.96142"/>
      <trkpt lat="-37.85405" lon="144.96163"/>
      <trkpt lat="-37.85414" lon="144.96181"/>
      <trkpt lat="-37.85425" lon="144.96204"/>
      <trkpt lat="-37.85429" lon="144.96212"/>
      <trkpt lat="-37.85443" lon="144.9624"/>
      <trkpt lat="-37.85453" lon="144.96261"/>
      <trkpt lat="-37.85468" lon="144.96292"/>
      <trkpt lat="-37.8547" lon="144.96296"/>
      <trkpt lat="-37.85486" lon="144.96329"/>
      <trkpt lat="-37.85514" lon="144.96385"/>
      <trkpt lat="-37.85549" lon="144.96452"/>
      <trkpt lat="-37.85557" lon="144.96469"/>
      <trkpt lat="-37.8556" lon="144.96473"/>
      <trkpt lat="-37.85591" lon="144.96534"/>
      <trkpt lat="-37.85596" lon="144.96541"/>
      <trkpt lat="-37.85652" lon="144.96649"/>
      <trkpt lat="-37.85657" lon="144.96659"/>
      <trkpt lat="-37.85677" lon="144.96696"/>
      <trkpt lat="-37.85701" lon="144.96742"/>
      <trkpt lat="-37.85769" lon="144.96873"/>
      <trkpt lat="-37.85784" lon="144.96902"/>
      <trkpt lat="-37.85787" lon="144.96907"/>
      <trkpt lat="-37.85793" lon="144.9692"/>
      <trkpt lat="-37.85799" lon="144.9693"/>
      <trkpt lat="-37.85807" lon="144.96947"/>
      <trkpt lat="-37.85816" lon="144.96965"/>
      <trkpt lat="-37.8582" lon="144.96972"/>
      <trkpt lat="-37.85824" lon="144.9698"/>
      <trkpt lat="-37.85825" lon="144.96982"/>
      <trkpt lat="-37.85827" lon="144.96987"/>
      <trkpt lat="-37.85844" lon="144.96982"/>
      <trkpt lat="-37.85848" lon="144.96981"/>
      <trkpt lat="-37.85854" lon="144.96978"/>
      <trkpt lat="-37.8586" lon="144.96976"/>
      <trkpt lat="-37.85862" lon="144.96975"/>
      <trkpt lat="-37.85864" lon="144.96974"/>
      <trkpt lat="-37.85865" lon="144.96973"/>
      <trkpt lat="-37.85867" lon="144.96972"/>
      <trkpt lat="-37.85874" lon="144.96968"/>
      <trkpt lat="-37.85867" lon="144.96956"/>
      <trkpt lat="-37.85864" lon="144.96949"/>
      <trkpt lat="-37.85822" lon="144.96875"/>
      <trkpt lat="-37.85791" lon="144.96821"/>
      <trkpt lat="-37.85698" lon="144.96658"/>
      <trkpt lat="-37.85631" lon="144.96538"/>
      <trkpt lat="-37.85627" lon="144.96531"/>
      <trkpt lat="-37.85606" lon="144.96495"/>
      <trkpt lat="-37.85581" lon="144.96449"/>
      <trkpt lat="-37.85563" lon="144.96464"/>
      <trkpt lat="-37.85557" lon="144.96469"/>
      <trkpt lat="-37.85548" lon="144.96476"/>
      <trkpt lat="-37.85509" lon="144.96508"/>
      <trkpt lat="-37.85465" lon="144.96545"/>
      <trkpt lat="-37.85464" lon="144.96547"/>
      <trkpt lat="-37.85462" lon="144.96548"/>
      <trkpt lat="-37.85456" lon="144.96553"/>
      <trkpt lat="-37.85453" lon="144.96555"/>
      <trkpt lat="-37.85406" lon="144.96595"/>
      <trkpt lat="-37.85379" lon="144.96617"/>
      <trkpt lat="-37.85372" lon="144.96623"/>
      <trkpt lat="-37.8537" lon="144.96625"/>
      <trkpt lat="-37.85366" lon="144.96628"/>
      <trkpt lat="-37.85358" lon="144.96634"/>
      <trkpt lat="-37.85328" lon="144.96659"/>
      <trkpt lat="-37.85335" lon="144.96673"/>
      <trkpt lat="-37.85354" lon="144.9671"/>
      <trkpt lat="-37.85402" lon="144.96799"/>
      <trkpt lat="-37.85354" lon="144.9671"/>
      <trkpt lat="-37.85335" lon="144.96673"/>
      <trkpt lat="-37.85328" lon="144.96659"/>
      <trkpt lat="-37.85327" lon="144.9666"/>
      <trkpt lat="-37.8528" lon="144.967"/>
      <trkpt lat="-37.85269" lon="144.96709"/>
      <trkpt lat="-37.85227" lon="144.96743"/>
      <trkpt lat="-37.85196" lon="144.96769"/>
      <trkpt lat="-37.85188" lon="144.96776"/>
      <trkpt lat="-37.85181" lon="144.96767"/>
      <trkpt lat="-37.85151" lon="144.96727"/>
      <trkpt lat="-37.85127" lon="144.96697"/>
      <trkpt lat="-37.85095" lon="144.96656"/>
      <trkpt lat="-37.85068" lon="144.96624"/>
      <trkpt lat="-37.85021" lon="144.96567"/>
      <trkpt lat="-37.84978" lon="144.96517"/>
      <trkpt lat="-37.84973" lon="144.96511"/>
      <trkpt lat="-37.84962" lon="144.96499"/>
      <trkpt lat="-37.84947" lon="144.96483"/>
      <trkpt lat="-37.84913" lon="144.96449"/>
      <trkpt lat="-37.8488" lon="144.96415"/>
      <trkpt lat="-37.84845" lon="144.96379"/>
      <trkpt lat="-37.84836" lon="144.96371"/>
      <trkpt lat="-37.84811" lon="144.96348"/>
      <trkpt lat="-37.84783" lon="144.96322"/>
      <trkpt lat="-37.84776" lon="144.96316"/>
      <trkpt lat="-37.84767" lon="144.96307"/>
      <trkpt lat="-37.84743" lon="144.96285"/>
      <trkpt lat="-37.84719" lon="144.96264"/>
      <trkpt lat="-37.84702" lon="144.96249"/>
      <trkpt lat="-37.84677" lon="144.96228"/>
      <trkpt lat="-37.84581" lon="144.96149"/>
      <trkpt lat="-37.84576" lon="144.96145"/>
      <trkpt lat="-37.84562" lon="144.96133"/>
      <trkpt lat="-37.84527" lon="144.96108"/>
      <trkpt lat="-37.84492" lon="144.96085"/>
      <trkpt lat="-37.8445" lon="144.96057"/>
      <trkpt lat="-37.84428" lon="144.96043"/>
      <trkpt lat="-37.84408" lon="144.96029"/>
      <trkpt lat="-37.84406" lon="144.96028"/>
      <trkpt lat="-37.84403" lon="144.96025"/>
      <trkpt lat="-37.84399" lon="144.96022"/>
      <trkpt lat="-37.84392" lon="144.96018"/>
      <trkpt lat="-37.84387" lon="144.96015"/>
      <trkpt lat="-37.84285" lon="144.95954"/>
      <trkpt lat="-37.84273" lon="144.95946"/>
      <trkpt lat="-37.84245" lon="144.95929"/>
      <trkpt lat="-37.84243" lon="144.95928"/>
      <trkpt lat="-37.84233" lon="144.95922"/>
      <trkpt lat="-37.84213" lon="144.95912"/>
      <trkpt lat="-37.84206" lon="144.95925"/>
      <trkpt lat="-37.84202" lon="144.95935"/>
      <trkpt lat="-37.84199" lon="144.9594"/>
      <trkpt lat="-37.84197" lon="144.95945"/>
      <trkpt lat="-37.84195" lon="144.95947"/>
      <trkpt lat="-37.84193" lon="144.9595"/>
      <trkpt lat="-37.8419" lon="144.95953"/>
      <trkpt lat="-37.84187" lon="144.95957"/>
      <trkpt lat="-37.84182" lon="144.95962"/>
      <trkpt lat="-37.84178" lon="144.95966"/>
      <trkpt lat="-37.84171" lon="144.95973"/>
      <trkpt lat="-37.84161" lon="144.95983"/>
      <trkpt lat="-37.84153" lon="144.9599"/>
      <trkpt lat="-37.84143" lon="144.96"/>
      <trkpt lat="-37.8413" lon="144.96012"/>
      <trkpt lat="-37.84121" lon="144.96022"/>
      <trkpt lat="-37.8412" lon="144.96032"/>
      <trkpt lat="-37.84102" lon="144.96053"/>
      <trkpt lat="-37.84075" lon="144.96086"/>
      <trkpt lat="-37.84064" lon="144.961"/>
      <trkpt lat="-37.84059" lon="144.96106"/>
      <trkpt lat="-37.84055" lon="144.9611"/>
      <trkpt lat="-37.84054" lon="144.96112"/>
      <trkpt lat="-37.84052" lon="144.96114"/>
      <trkpt lat="-37.84046" lon="144.96121"/>
      <trkpt lat="-37.84042" lon="144.96128"/>
      <trkpt lat="-37.84037" lon="144.96134"/>
      <trkpt lat="-37.84024" lon="144.96151"/>
      <trkpt lat="-37.8402" lon="144.96156"/>
      <trkpt lat="-37.84016" lon="144.96161"/>
      <trkpt lat="-37.84009" lon="144.96172"/>
      <trkpt lat="-37.84002" lon="144.96183"/>
      <trkpt lat="-37.83995" lon="144.96194"/>
      <trkpt lat="-37.8398" lon="144.96217"/>
      <trkpt lat="-37.8397" lon="144.96234"/>
      <trkpt lat="-37.83967" lon="144.96238"/>
      <trkpt lat="-37.83964" lon="144.96243"/>
      <trkpt lat="-37.83959" lon="144.96251"/>
      <trkpt lat="-37.83956" lon="144.96257"/>
      <trkpt lat="-37.83954" lon="144.9626"/>
      <trkpt lat="-37.83952" lon="144.96264"/>
      <trkpt lat="-37.8395" lon="144.96269"/>
      <trkpt lat="-37.83938" lon="144.96292"/>
      <trkpt lat="-37.83922" lon="144.96319"/>
      <trkpt lat="-37.83921" lon="144.96321"/>
      <trkpt lat="-37.8392" lon="144.96323"/>
      <trkpt lat="-37.83918" lon="144.96327"/>
      <trkpt lat="-37.83916" lon="144.9633"/>
      <trkpt lat="-37.83914" lon="144.96333"/>
      <trkpt lat="-37.83912" lon="144.96335"/>
      <trkpt lat="-37.83911" lon="144.96337"/>
      <trkpt lat="-37.8391" lon="144.96338"/>
      <trkpt lat="-37.83909" lon="144.9634"/>
      <trkpt lat="-37.83908" lon="144.96342"/>
      <trkpt lat="-37.83906" lon="144.96344"/>
      <trkpt lat="-37.83905" lon="144.96346"/>
      <trkpt lat="-37.83918" lon="144.96349"/>
      <trkpt lat="-37.83932" lon="144.96355"/>
      <trkpt lat="-37.83942" lon="144.96359"/>
      <trkpt lat="-37.83948" lon="144.96356"/>
      <trkpt lat="-37.83966" lon="144.96363"/>
      <trkpt lat="-37.83985" lon="144.96367"/>
      <trkpt lat="-37.83991" lon="144.96368"/>
      <trkpt lat="-37.83992" lon="144.96368"/>
      <trkpt lat="-37.83998" lon="144.96368"/>
      <trkpt lat="-37.84019" lon="144.96369"/>
      <trkpt lat="-37.84023" lon="144.96369"/>
      <trkpt lat="-37.84026" lon="144.96369"/>
      <trkpt lat="-37.84031" lon="144.96369"/>
      <trkpt lat="-37.84033" lon="144.96369"/>
      <trkpt lat="-37.84036" lon="144.96369"/>
      <trkpt lat="-37.84039" lon="144.96368"/>
      <trkpt lat="-37.84045" lon="144.96366"/>
      <trkpt lat="-37.8405" lon="144.96364"/>
      <trkpt lat="-37.84053" lon="144.96362"/>
      <trkpt lat="-37.84057" lon="144.9636"/>
      <trkpt lat="-37.84062" lon="144.96357"/>
      <trkpt lat="-37.84067" lon="144.96354"/>
      <trkpt lat="-37.84072" lon="144.9635"/>
      <trkpt lat="-37.84077" lon="144.96347"/>
      <trkpt lat="-37.84098" lon="144.96336"/>
      <trkpt lat="-37.84102" lon="144.96334"/>
      <trkpt lat="-37.84107" lon="144.96333"/>
      <trkpt lat="-37.84114" lon="144.96332"/>
      <trkpt lat="-37.84115" lon="144.96333"/>
      <trkpt lat="-37.84117" lon="144.96333"/>
      <trkpt lat="-37.84118" lon="144.96333"/>
      <trkpt lat="-37.84119" lon="144.96332"/>
      <trkpt lat="-37.8412" lon="144.96331"/>
      <trkpt lat="-37.84121" lon="144.9633"/>
      <trkpt lat="-37.84121" lon="144.96328"/>
      <trkpt lat="-37.84122" lon="144.96328"/>
      <trkpt lat="-37.84125" lon="144.96326"/>
      <trkpt lat="-37.84134" lon="144.96319"/>
      <trkpt lat="-37.84166" lon="144.96303"/>
      <trkpt lat="-37.84183" lon="144.96295"/>
      <trkpt lat="-37.8419" lon="144.96291"/>
      <trkpt lat="-37.84194" lon="144.96287"/>
      <trkpt lat="-37.84197" lon="144.96283"/>
      <trkpt lat="-37.842" lon="144.96278"/>
      <trkpt lat="-37.84203" lon="144.96268"/>
      <trkpt lat="-37.84205" lon="144.96256"/>
      <trkpt lat="-37.84207" lon="144.9624"/>
      <trkpt lat="-37.84208" lon="144.96232"/>
      <trkpt lat="-37.8421" lon="144.96225"/>
      <trkpt lat="-37.84212" lon="144.96221"/>
      <trkpt lat="-37.84215" lon="144.96218"/>
      <trkpt lat="-37.84218" lon="144.96215"/>
      <trkpt lat="-37.84222" lon="144.96214"/>
      <trkpt lat="-37.84226" lon="144.96213"/>
      <trkpt lat="-37.84228" lon="144.96214"/>
      <trkpt lat="-37.84231" lon="144.96214"/>
      <trkpt lat="-37.84258" lon="144.9623"/>
      <trkpt lat="-37.84335" lon="144.96285"/>
      <trkpt lat="-37.84356" lon="144.96302"/>
      <trkpt lat="-37.84366" lon="144.96309"/>
      <trkpt lat="-37.84384" lon="144.96324"/>
      <trkpt lat="-37.84404" lon="144.96342"/>
      <trkpt lat="-37.84418" lon="144.96356"/>
      <trkpt lat="-37.84472" lon="144.96412"/>
      <trkpt lat="-37.84514" lon="144.9646"/>
      <trkpt lat="-37.84543" lon="144.96495"/>
      <trkpt lat="-37.84547" lon="144.965"/>
      <trkpt lat="-37.84587" lon="144.96555"/>
      <trkpt lat="-37.84601" lon="144.96574"/>
      <trkpt lat="-37.84607" lon="144.96581"/>
      <trkpt lat="-37.84613" lon="144.96589"/>
      <trkpt lat="-37.84619" lon="144.96595"/>
      <trkpt lat="-37.84625" lon="144.96602"/>
      <trkpt lat="-37.84636" lon="144.9661"/>
      <trkpt lat="-37.84642" lon="144.96614"/>
      <trkpt lat="-37.84648" lon="144.96617"/>
      <trkpt lat="-37.84654" lon="144.9662"/>
      <trkpt lat="-37.84657" lon="144.96621"/>
      <trkpt lat="-37.84662" lon="144.96622"/>
      <trkpt lat="-37.84671" lon="144.96624"/>
      <trkpt lat="-37.84681" lon="144.96625"/>
      <trkpt lat="-37.84691" lon="144.96625"/>
      <trkpt lat="-37.84703" lon="144.96624"/>
      <trkpt lat="-37.84713" lon="144.96622"/>
      <trkpt lat="-37.84722" lon="144.96619"/>
      <trkpt lat="-37.84728" lon="144.96616"/>
      <trkpt lat="-37.84735" lon="144.96612"/>
      <trkpt lat="-37.84742" lon="144.96608"/>
      <trkpt lat="-37.84748" lon="144.96604"/>
      <trkpt lat="-37.84752" lon="144.96602"/>
      <trkpt lat="-37.84755" lon="144.966"/>
      <trkpt lat="-37.84757" lon="144.96599"/>
      <trkpt lat="-37.84758" lon="144.96599"/>
      <trkpt lat="-37.8476" lon="144.96599"/>
      <trkpt lat="-37.84761" lon="144.96599"/>
      <trkpt lat="-37.84763" lon="144.96599"/>
      <trkpt lat="-37.84765" lon="144.966"/>
      <trkpt lat="-37.84766" lon="144.96601"/>
      <trkpt lat="-37.84768" lon="144.96603"/>
      <trkpt lat="-37.8477" lon="144.96605"/>
      <trkpt lat="-37.84773" lon="144.96607"/>
      <trkpt lat="-37.84777" lon="144.96611"/>
      <trkpt lat="-37.84781" lon="144.96616"/>
      <trkpt lat="-37.84784" lon="144.9662"/>
      <trkpt lat="-37.84781" lon="144.96616"/>
      <trkpt lat="-37.84777" lon="144.96611"/>
      <trkpt lat="-37.84773" lon="144.96607"/>
      <trkpt lat="-37.8477" lon="144.96605"/>
      <trkpt lat="-37.84768" lon="144.96603"/>
      <trkpt lat="-37.84766" lon="144.96601"/>
      <trkpt lat="-37.84765" lon="144.966"/>
      <trkpt lat="-37.84763" lon="144.96599"/>
      <trkpt lat="-37.84761" lon="144.96599"/>
      <trkpt lat="-37.8476" lon="144.96599"/>
      <trkpt lat="-37.84758" lon="144.96599"/>
      <trkpt lat="-37.84757" lon="144.96599"/>
      <trkpt lat="-37.84755" lon="144.966"/>
      <trkpt lat="-37.84752" lon="144.96602"/>
      <trkpt lat="-37.84748" lon="144.96604"/>
      <trkpt lat="-37.84742" lon="144.96608"/>
      <trkpt lat="-37.84735" lon="144.96612"/>
      <trkpt lat="-37.84728" lon="144.96616"/>
      <trkpt lat="-37.84722" lon="144.96619"/>
      <trkpt lat="-37.84713" lon="144.96622"/>
      <trkpt lat="-37.84703" lon="144.96624"/>
      <trkpt lat="-37.84691" lon="144.96625"/>
      <trkpt lat="-37.84681" lon="144.96625"/>
      <trkpt lat="-37.84671" lon="144.96624"/>
      <trkpt lat="-37.84662" lon="144.96622"/>
      <trkpt lat="-37.84657" lon="144.96621"/>
      <trkpt lat="-37.84654" lon="144.9662"/>
      <trkpt lat="-37.84648" lon="144.96617"/>
      <trkpt lat="-37.84642" lon="144.96614"/>
      <trkpt lat="-37.84636" lon="144.9661"/>
      <trkpt lat="-37.84625" lon="144.96602"/>
      <trkpt lat="-37.84619" lon="144.96595"/>
      <trkpt lat="-37.84613" lon="144.96589"/>
      <trkpt lat="-37.84607" lon="144.96581"/>
      <trkpt lat="-37.84601" lon="144.96574"/>
      <trkpt lat="-37.84587" lon="144.96555"/>
      <trkpt lat="-37.84547" lon="144.965"/>
      <trkpt lat="-37.84543" lon="144.96495"/>
      <trkpt lat="-37.84514" lon="144.9646"/>
      <trkpt lat="-37.84472" lon="144.96412"/>
      <trkpt lat="-37.84418" lon="144.96356"/>
      <trkpt lat="-37.84404" lon="144.96342"/>
      <trkpt lat="-37.84384" lon="144.96324"/>
      <trkpt lat="-37.84366" lon="144.96309"/>
      <trkpt lat="-37.84356" lon="144.96302"/>
      <trkpt lat="-37.84335" lon="144.96285"/>
      <trkpt lat="-37.84258" lon="144.9623"/>
      <trkpt lat="-37.84231" lon="144.96214"/>
      <trkpt lat="-37.84228" lon="144.96214"/>
      <trkpt lat="-37.84226" lon="144.96213"/>
      <trkpt lat="-37.84222" lon="144.96214"/>
      <trkpt lat="-37.84218" lon="144.96215"/>
      <trkpt lat="-37.84215" lon="144.96218"/>
      <trkpt lat="-37.84212" lon="144.96221"/>
      <trkpt lat="-37.8421" lon="144.96225"/>
      <trkpt lat="-37.84208" lon="144.96232"/>
      <trkpt lat="-37.84207" lon="144.9624"/>
      <trkpt lat="-37.84205" lon="144.96256"/>
      <trkpt lat="-37.84203" lon="144.96268"/>
      <trkpt lat="-37.842" lon="144.96278"/>
      <trkpt lat="-37.84197" lon="144.96283"/>
      <trkpt lat="-37.84194" lon="144.96287"/>
      <trkpt lat="-37.8419" lon="144.96291"/>
      <trkpt lat="-37.84183" lon="144.96295"/>
      <trkpt lat="-37.84166" lon="144.96303"/>
      <trkpt lat="-37.84134" lon="144.96319"/>
      <trkpt lat="-37.84127" lon="144.9632"/>
      <trkpt lat="-37.84122" lon="144.96321"/>
      <trkpt lat="-37.84118" lon="144.9632"/>
      <trkpt lat="-37.84117" lon="144.9632"/>
      <trkpt lat="-37.84115" lon="144.9632"/>
      <trkpt lat="-37.84114" lon="144.96321"/>
      <trkpt lat="-37.84113" lon="144.96322"/>
      <trkpt lat="-37.84112" lon="144.96323"/>
      <trkpt lat="-37.84112" lon="144.96325"/>
      <trkpt lat="-37.84112" lon="144.96327"/>
      <trkpt lat="-37.84112" lon="144.96328"/>
      <trkpt lat="-37.84112" lon="144.9633"/>
      <trkpt lat="-37.84113" lon="144.96331"/>
      <trkpt lat="-37.84114" lon="144.96332"/>
      <trkpt lat="-37.84115" lon="144.96333"/>
      <trkpt lat="-37.84117" lon="144.96333"/>
      <trkpt lat="-37.84118" lon="144.96335"/>
      <trkpt lat="-37.8412" lon="144.96337"/>
      <trkpt lat="-37.84122" lon="144.96339"/>
      <trkpt lat="-37.84126" lon="144.96344"/>
      <trkpt lat="-37.84128" lon="144.96348"/>
      <trkpt lat="-37.84129" lon="144.96353"/>
      <trkpt lat="-37.84132" lon="144.96362"/>
      <trkpt lat="-37.84152" lon="144.96428"/>
      <trkpt lat="-37.84157" lon="144.96426"/>
      <trkpt lat="-37.84165" lon="144.96421"/>
      <trkpt lat="-37.84173" lon="144.96416"/>
      <trkpt lat="-37.84177" lon="144.96411"/>
      <trkpt lat="-37.8418" lon="144.96407"/>
      <trkpt lat="-37.84182" lon="144.96403"/>
      <trkpt lat="-37.84184" lon="144.96398"/>
      <trkpt lat="-37.84185" lon="144.96395"/>
      <trkpt lat="-37.84184" lon="144.96398"/>
      <trkpt lat="-37.84182" lon="144.96403"/>
      <trkpt lat="-37.8418" lon="144.96407"/>
      <trkpt lat="-37.84177" lon="144.96411"/>
      <trkpt lat="-37.84173" lon="144.96416"/>
      <trkpt lat="-37.84165" lon="144.96421"/>
      <trkpt lat="-37.84157" lon="144.96426"/>
      <trkpt lat="-37.84152" lon="144.96428"/>
      <trkpt lat="-37.84132" lon="144.96362"/>
      <trkpt lat="-37.84129" lon="144.96353"/>
      <trkpt lat="-37.84128" lon="144.96348"/>
      <trkpt lat="-37.84126" lon="144.96344"/>
      <trkpt lat="-37.84123" lon="144.96338"/>
      <trkpt lat="-37.84122" lon="144.96334"/>
      <trkpt lat="-37.84121" lon="144.9633"/>
      <trkpt lat="-37.84121" lon="144.96328"/>
      <trkpt lat="-37.84122" lon="144.96327"/>
      <trkpt lat="-37.84121" lon="144.96325"/>
      <trkpt lat="-37.84121" lon="144.96324"/>
      <trkpt lat="-37.84121" lon="144.96323"/>
      <trkpt lat="-37.8412" lon="144.96322"/>
      <trkpt lat="-37.84119" lon="144.96321"/>
      <trkpt lat="-37.84118" lon="144.9632"/>
      <trkpt lat="-37.84117" lon="144.9632"/>
      <trkpt lat="-37.84115" lon="144.9632"/>
      <trkpt lat="-37.84114" lon="144.96321"/>
      <trkpt lat="-37.84113" lon="144.96322"/>
      <trkpt lat="-37.84112" lon="144.96323"/>
      <trkpt lat="-37.84108" lon="144.96327"/>
      <trkpt lat="-37.84105" lon="144.96331"/>
      <trkpt lat="-37.84102" lon="144.96334"/>
      <trkpt lat="-37.84098" lon="144.96336"/>
      <trkpt lat="-37.84077" lon="144.96347"/>
      <trkpt lat="-37.84072" lon="144.9635"/>
      <trkpt lat="-37.84067" lon="144.96354"/>
      <trkpt lat="-37.84062" lon="144.96357"/>
      <trkpt lat="-37.84057" lon="144.9636"/>
      <trkpt lat="-37.84053" lon="144.96362"/>
      <trkpt lat="-37.8405" lon="144.96364"/>
      <trkpt lat="-37.84045" lon="144.96366"/>
      <trkpt lat="-37.84039" lon="144.96368"/>
      <trkpt lat="-37.84036" lon="144.96369"/>
      <trkpt lat="-37.84033" lon="144.96369"/>
      <trkpt lat="-37.84031" lon="144.96369"/>
      <trkpt lat="-37.84026" lon="144.96369"/>
      <trkpt lat="-37.84023" lon="144.96369"/>
      <trkpt lat="-37.84019" lon="144.96369"/>
      <trkpt lat="-37.83998" lon="144.96368"/>
      <trkpt lat="-37.83992" lon="144.96368"/>
      <trkpt lat="-37.83991" lon="144.96368"/>
      <trkpt lat="-37.83985" lon="144.96367"/>
      <trkpt lat="-37.83966" lon="144.96363"/>
      <trkpt lat="-37.83948" lon="144.96356"/>
      <trkpt lat="-37.83944" lon="144.96349"/>
      <trkpt lat="-37.83942" lon="144.96348"/>
      <trkpt lat="-37.83938" lon="144.96346"/>
      <trkpt lat="-37.83926" lon="144.96341"/>
      <trkpt lat="-37.83919" lon="144.96338"/>
      <trkpt lat="-37.83912" lon="144.96335"/>
      <trkpt lat="-37.83911" lon="144.96337"/>
      <trkpt lat="-37.8391" lon="144.96338"/>
      <trkpt lat="-37.83909" lon="144.9634"/>
      <trkpt lat="-37.83908" lon="144.96342"/>
      <trkpt lat="-37.83906" lon="144.96344"/>
      <trkpt lat="-37.83905" lon="144.96346"/>
      <trkpt lat="-37.83902" lon="144.96352"/>
      <trkpt lat="-37.83899" lon="144.96357"/>
      <trkpt lat="-37.83894" lon="144.96368"/>
      <trkpt lat="-37.83877" lon="144.96399"/>
      <trkpt lat="-37.83876" lon="144.96403"/>
      <trkpt lat="-37.83855" lon="144.96445"/>
      <trkpt lat="-37.83847" lon="144.96463"/>
      <trkpt lat="-37.83842" lon="144.96475"/>
      <trkpt lat="-37.83838" lon="144.96485"/>
      <trkpt lat="-37.83834" lon="144.96495"/>
      <trkpt lat="-37.83829" lon="144.96508"/>
      <trkpt lat="-37.83819" lon="144.96532"/>
      <trkpt lat="-37.83812" lon="144.96538"/>
      <trkpt lat="-37.83807" lon="144.9655"/>
      <trkpt lat="-37.83805" lon="144.96555"/>
      <trkpt lat="-37.83801" lon="144.96564"/>
      <trkpt lat="-37.83797" lon="144.96575"/>
      <trkpt lat="-37.83799" lon="144.96582"/>
      <trkpt lat="-37.83796" lon="144.96589"/>
      <trkpt lat="-37.83786" lon="144.96617"/>
      <trkpt lat="-37.83771" lon="144.96659"/>
      <trkpt lat="-37.83765" lon="144.96678"/>
      <trkpt lat="-37.83755" lon="144.96707"/>
      <trkpt lat="-37.83751" lon="144.96722"/>
      <trkpt lat="-37.8375" lon="144.96726"/>
      <trkpt lat="-37.83746" lon="144.9674"/>
      <trkpt lat="-37.8374" lon="144.96748"/>
      <trkpt lat="-37.83737" lon="144.96754"/>
      <trkpt lat="-37.83736" lon="144.96755"/>
      <trkpt lat="-37.8374" lon="144.96767"/>
      <trkpt lat="-37.83741" lon="144.96769"/>
      <trkpt lat="-37.83742" lon="144.96771"/>
      <trkpt lat="-37.83742" lon="144.96772"/>
      <trkpt lat="-37.83743" lon="144.96774"/>
      <trkpt lat="-37.83744" lon="144.96775"/>
      <trkpt lat="-37.83745" lon="144.96777"/>
      <trkpt lat="-37.83747" lon="144.96778"/>
      <trkpt lat="-37.83748" lon="144.96779"/>
      <trkpt lat="-37.83751" lon="144.96782"/>
      <trkpt lat="-37.83755" lon="144.96784"/>
      <trkpt lat="-37.83759" lon="144.96785"/>
      <trkpt lat="-37.83762" lon="144.96787"/>
      <trkpt lat="-37.83766" lon="144.96789"/>
      <trkpt lat="-37.83775" lon="144.96793"/>
      <trkpt lat="-37.8379" lon="144.96795"/>
      <trkpt lat="-37.83792" lon="144.96796"/>
      <trkpt lat="-37.83798" lon="144.96801"/>
      <trkpt lat="-37.83805" lon="144.96807"/>
      <trkpt lat="-37.83811" lon="144.96813"/>
      <trkpt lat="-37.83817" lon="144.9682"/>
      <trkpt lat="-37.8382" lon="144.96824"/>
      <trkpt lat="-37.83823" lon="144.96828"/>
      <trkpt lat="-37.83826" lon="144.96832"/>
      <trkpt lat="-37.83829" lon="144.96837"/>
      <trkpt lat="-37.83831" lon="144.9684"/>
      <trkpt lat="-37.83833" lon="144.96843"/>
      <trkpt lat="-37.83835" lon="144.96847"/>
      <trkpt lat="-37.83837" lon="144.96852"/>
      <trkpt lat="-37.83839" lon="144.96856"/>
      <trkpt lat="-37.83841" lon="144.9686"/>
      <trkpt lat="-37.83843" lon="144.96866"/>
      <trkpt lat="-37.83845" lon="144.96872"/>
      <trkpt lat="-37.83846" lon="144.96877"/>
      <trkpt lat="-37.83848" lon="144.96883"/>
      <trkpt lat="-37.83849" lon="144.9689"/>
      <trkpt lat="-37.8385" lon="144.96896"/>
      <trkpt lat="-37.83852" lon="144.96912"/>
      <trkpt lat="-37.83853" lon="144.96931"/>
      <trkpt lat="-37.83854" lon="144.96945"/>
      <trkpt lat="-37.83854" lon="144.96956"/>
      <trkpt lat="-37.83856" lon="144.9697"/>
      <trkpt lat="-37.83858" lon="144.96984"/>
      <trkpt lat="-37.83861" lon="144.96997"/>
      <trkpt lat="-37.83864" lon="144.97008"/>
      <trkpt lat="-37.83869" lon="144.97022"/>
      <trkpt lat="-37.83873" lon="144.97035"/>
      <trkpt lat="-37.83878" lon="144.97044"/>
      <trkpt lat="-37.83887" lon="144.97061"/>
      <trkpt lat="-37.83899" lon="144.9708"/>
      <trkpt lat="-37.8391" lon="144.97094"/>
      <trkpt lat="-37.83923" lon="144.97108"/>
      <trkpt lat="-37.83933" lon="144.97116"/>
      <trkpt lat="-37.83943" lon="144.97124"/>
      <trkpt lat="-37.83952" lon="144.9713"/>
      <trkpt lat="-37.83966" lon="144.97138"/>
      <trkpt lat="-37.83976" lon="144.97142"/>
      <trkpt lat="-37.83988" lon="144.97146"/>
      <trkpt lat="-37.8402" lon="144.97154"/>
      <trkpt lat="-37.84102" lon="144.97174"/>
      <trkpt lat="-37.84124" lon="144.97177"/>
      <trkpt lat="-37.84139" lon="144.97177"/>
      <trkpt lat="-37.84148" lon="144.97177"/>
      <trkpt lat="-37.84155" lon="144.97176"/>
      <trkpt lat="-37.84164" lon="144.97175"/>
      <trkpt lat="-37.84175" lon="144.97173"/>
      <trkpt lat="-37.84183" lon="144.97171"/>
      <trkpt lat="-37.84195" lon="144.97167"/>
      <trkpt lat="-37.84206" lon="144.97163"/>
      <trkpt lat="-37.84216" lon="144.97159"/>
      <trkpt lat="-37.84231" lon="144.97153"/>
      <trkpt lat="-37.84241" lon="144.97148"/>
      <trkpt lat="-37.84249" lon="144.97144"/>
      <trkpt lat="-37.84257" lon="144.97139"/>
      <trkpt lat="-37.84265" lon="144.97135"/>
      <trkpt lat="-37.84274" lon="144.97131"/>
      <trkpt lat="-37.8428" lon="144.97128"/>
      <trkpt lat="-37.8429" lon="144.97123"/>
      <trkpt lat="-37.84304" lon="144.97115"/>
      <trkpt lat="-37.84334" lon="144.97101"/>
      <trkpt lat="-37.84365" lon="144.97085"/>
      <trkpt lat="-37.84385" lon="144.97078"/>
      <trkpt lat="-37.84416" lon="144.97067"/>
      <trkpt lat="-37.84429" lon="144.97064"/>
      <trkpt lat="-37.84438" lon="144.97063"/>
      <trkpt lat="-37.84451" lon="144.97062"/>
      <trkpt lat="-37.84471" lon="144.97061"/>
      <trkpt lat="-37.84483" lon="144.97061"/>
      <trkpt lat="-37.84508" lon="144.97063"/>
      <trkpt lat="-37.84518" lon="144.97064"/>
      <trkpt lat="-37.84537" lon="144.97068"/>
      <trkpt lat="-37.84548" lon="144.97071"/>
      <trkpt lat="-37.84556" lon="144.97074"/>
      <trkpt lat="-37.84568" lon="144.97078"/>
      <trkpt lat="-37.84589" lon="144.97086"/>
      <trkpt lat="-37.84604" lon="144.97094"/>
      <trkpt lat="-37.8462" lon="144.97104"/>
      <trkpt lat="-37.84637" lon="144.97116"/>
      <trkpt lat="-37.84655" lon="144.97129"/>
      <trkpt lat="-37.8467" lon="144.97142"/>
      <trkpt lat="-37.84686" lon="144.97157"/>
      <trkpt lat="-37.84699" lon="144.97172"/>
      <trkpt lat="-37.84712" lon="144.97189"/>
      <trkpt lat="-37.84734" lon="144.97221"/>
      <trkpt lat="-37.84754" lon="144.9725"/>
      <trkpt lat="-37.84757" lon="144.97254"/>
      <trkpt lat="-37.8479" lon="144.97302"/>
      <trkpt lat="-37.84798" lon="144.97319"/>
      <trkpt lat="-37.84803" lon="144.97331"/>
      <trkpt lat="-37.84806" lon="144.97341"/>
      <trkpt lat="-37.84808" lon="144.97349"/>
      <trkpt lat="-37.8481" lon="144.97366"/>
      <trkpt lat="-37.8481" lon="144.97384"/>
      <trkpt lat="-37.8481" lon="144.97405"/>
      <trkpt lat="-37.84809" lon="144.97413"/>
      <trkpt lat="-37.84809" lon="144.97422"/>
      <trkpt lat="-37.84808" lon="144.97448"/>
      <trkpt lat="-37.84808" lon="144.9746"/>
      <trkpt lat="-37.84809" lon="144.97472"/>
      <trkpt lat="-37.84811" lon="144.97481"/>
      <trkpt lat="-37.84814" lon="144.97489"/>
      <trkpt lat="-37.84819" lon="144.97499"/>
      <trkpt lat="-37.84827" lon="144.97515"/>
      <trkpt lat="-37.84842" lon="144.97538"/>
      <trkpt lat="-37.84878" lon="144.97591"/>
      <trkpt lat="-37.84902" lon="144.97626"/>
      <trkpt lat="-37.84918" lon="144.97651"/>
      <trkpt lat="-37.84927" lon="144.97664"/>
      <trkpt lat="-37.84937" lon="144.9768"/>
      <trkpt lat="-37.84942" lon="144.97686"/>
      <trkpt lat="-37.84951" lon="144.97697"/>
      <trkpt lat="-37.84958" lon="144.97704"/>
      <trkpt lat="-37.84965" lon="144.97712"/>
      <trkpt lat="-37.84966" lon="144.97713"/>
      <trkpt lat="-37.84971" lon="144.97718"/>
      <trkpt lat="-37.84975" lon="144.97723"/>
      <trkpt lat="-37.84983" lon="144.9773"/>
      <trkpt lat="-37.84992" lon="144.97737"/>
      <trkpt lat="-37.85001" lon="144.97744"/>
      <trkpt lat="-37.85012" lon="144.9775"/>
      <trkpt lat="-37.85027" lon="144.97759"/>
      <trkpt lat="-37.85039" lon="144.97765"/>
      <trkpt lat="-37.85054" lon="144.97771"/>
      <trkpt lat="-37.8507" lon="144.97777"/>
      <trkpt lat="-37.8509" lon="144.97785"/>
      <trkpt lat="-37.85121" lon="144.97796"/>
      <trkpt lat="-37.85185" lon="144.97819"/>
      <trkpt lat="-37.85196" lon="144.97824"/>
      <trkpt lat="-37.8521" lon="144.97829"/>
      <trkpt lat="-37.85227" lon="144.97835"/>
      <trkpt lat="-37.85262" lon="144.97847"/>
      <trkpt lat="-37.85277" lon="144.97851"/>
      <trkpt lat="-37.8529" lon="144.97856"/>
      <trkpt lat="-37.85315" lon="144.97861"/>
      <trkpt lat="-37.85337" lon="144.97866"/>
      <trkpt lat="-37.85355" lon="144.97768"/>
      <trkpt lat="-37.85361" lon="144.97732"/>
      <trkpt lat="-37.85368" lon="144.97701"/>
      <trkpt lat="-37.85371" lon="144.97686"/>
      <trkpt lat="-37.85374" lon="144.97672"/>
      <trkpt lat="-37.85378" lon="144.97657"/>
      <trkpt lat="-37.85381" lon="144.97645"/>
      <trkpt lat="-37.85383" lon="144.97635"/>
      <trkpt lat="-37.85388" lon="144.97615"/>
      <trkpt lat="-37.85389" lon="144.97609"/>
      <trkpt lat="-37.85389" lon="144.97604"/>
      <trkpt lat="-37.8539" lon="144.976"/>
      <trkpt lat="-37.85389" lon="144.97592"/>
      <trkpt lat="-37.85396" lon="144.97591"/>
      <trkpt lat="-37.85404" lon="144.9759"/>
      <trkpt lat="-37.85431" lon="144.97595"/>
      <trkpt lat="-37.85448" lon="144.97598"/>
      <trkpt lat="-37.8546" lon="144.97599"/>
      <trkpt lat="-37.85469" lon="144.97598"/>
      <trkpt lat="-37.85485" lon="144.97596"/>
      <trkpt lat="-37.85492" lon="144.97594"/>
      <trkpt lat="-37.85502" lon="144.97591"/>
      <trkpt lat="-37.85508" lon="144.97589"/>
      <trkpt lat="-37.85514" lon="144.97588"/>
      <trkpt lat="-37.85522" lon="144.97586"/>
      <trkpt lat="-37.85532" lon="144.97586"/>
      <trkpt lat="-37.8554" lon="144.97585"/>
      <trkpt lat="-37.85552" lon="144.97583"/>
      <trkpt lat="-37.85562" lon="144.97581"/>
      <trkpt lat="-37.8557" lon="144.97579"/>
      <trkpt lat="-37.85606" lon="144.97574"/>
      <trkpt lat="-37.8557" lon="144.97579"/>
      <trkpt lat="-37.85562" lon="144.97581"/>
      <trkpt lat="-37.85552" lon="144.97583"/>
      <trkpt lat="-37.8554" lon="144.97585"/>
      <trkpt lat="-37.85532" lon="144.97586"/>
      <trkpt lat="-37.85522" lon="144.97586"/>
      <trkpt lat="-37.85514" lon="144.97588"/>
      <trkpt lat="-37.85508" lon="144.97589"/>
      <trkpt lat="-37.85502" lon="144.97591"/>
      <trkpt lat="-37.85492" lon="144.97594"/>
      <trkpt lat="-37.85485" lon="144.97596"/>
      <trkpt lat="-37.85469" lon="144.97598"/>
      <trkpt lat="-37.8546" lon="144.97599"/>
      <trkpt lat="-37.85448" lon="144.97598"/>
      <trkpt lat="-37.85431" lon="144.97595"/>
      <trkpt lat="-37.85404" lon="144.9759"/>
      <trkpt lat="-37.85396" lon="144.97591"/>
      <trkpt lat="-37.85389" lon="144.97592"/>
      <trkpt lat="-37.8539" lon="144.976"/>
      <trkpt lat="-37.85389" lon="144.97604"/>
      <trkpt lat="-37.85389" lon="144.97609"/>
      <trkpt lat="-37.85388" lon="144.97615"/>
      <trkpt lat="-37.85383" lon="144.97635"/>
      <trkpt lat="-37.85381" lon="144.97645"/>
      <trkpt lat="-37.85378" lon="144.97657"/>
      <trkpt lat="-37.85374" lon="144.97672"/>
      <trkpt lat="-37.85371" lon="144.97686"/>
      <trkpt lat="-37.85368" lon="144.97701"/>
      <trkpt lat="-37.85361" lon="144.97732"/>
      <trkpt lat="-37.85355" lon="144.97768"/>
      <trkpt lat="-37.85337" lon="144.97866"/>
      <trkpt lat="-37.85315" lon="144.97861"/>
      <trkpt lat="-37.8529" lon="144.97856"/>
      <trkpt lat="-37.85277" lon="144.97851"/>
      <trkpt lat="-37.85262" lon="144.97847"/>
      <trkpt lat="-37.85227" lon="144.97835"/>
      <trkpt lat="-37.8521" lon="144.97829"/>
      <trkpt lat="-37.85196" lon="144.97824"/>
      <trkpt lat="-37.85185" lon="144.97819"/>
      <trkpt lat="-37.85121" lon="144.97796"/>
      <trkpt lat="-37.8509" lon="144.97785"/>
      <trkpt lat="-37.8507" lon="144.97777"/>
      <trkpt lat="-37.85054" lon="144.97771"/>
      <trkpt lat="-37.85039" lon="144.97765"/>
      <trkpt lat="-37.85027" lon="144.97759"/>
      <trkpt lat="-37.85012" lon="144.9775"/>
      <trkpt lat="-37.85001" lon="144.97744"/>
      <trkpt lat="-37.84992" lon="144.97737"/>
      <trkpt lat="-37.84983" lon="144.9773"/>
      <trkpt lat="-37.84975" lon="144.97723"/>
      <trkpt lat="-37.84971" lon="144.97718"/>
      <trkpt lat="-37.84966" lon="144.97713"/>
      <trkpt lat="-37.84965" lon="144.97712"/>
      <trkpt lat="-37.84958" lon="144.97704"/>
      <trkpt lat="-37.84951" lon="144.97697"/>
      <trkpt lat="-37.84942" lon="144.97686"/>
      <trkpt lat="-37.84937" lon="144.9768"/>
      <trkpt lat="-37.84927" lon="144.97664"/>
      <trkpt lat="-37.84918" lon="144.97651"/>
      <trkpt lat="-37.84902" lon="144.97626"/>
      <trkpt lat="-37.84878" lon="144.97591"/>
      <trkpt lat="-37.84862" lon="144.97624"/>
      <trkpt lat="-37.84855" lon="144.97639"/>
      <trkpt lat="-37.84853" lon="144.97643"/>
      <trkpt lat="-37.84839" lon="144.9767"/>
      <trkpt lat="-37.84836" lon="144.97685"/>
      <trkpt lat="-37.84834" lon="144.97694"/>
      <trkpt lat="-37.84831" lon="144.97715"/>
      <trkpt lat="-37.84827" lon="144.97728"/>
      <trkpt lat="-37.84819" lon="144.97749"/>
      <trkpt lat="-37.84772" lon="144.97732"/>
      <trkpt lat="-37.84746" lon="144.97722"/>
      <trkpt lat="-37.84684" lon="144.977"/>
      <trkpt lat="-37.84648" lon="144.97687"/>
      <trkpt lat="-37.8458" lon="144.97662"/>
      <trkpt lat="-37.84455" lon="144.97617"/>
      <trkpt lat="-37.84388" lon="144.97593"/>
      <trkpt lat="-37.84316" lon="144.97566"/>
      <trkpt lat="-37.84185" lon="144.97519"/>
      <trkpt lat="-37.84103" lon="144.97489"/>
      <trkpt lat="-37.83958" lon="144.97437"/>
      <trkpt lat="-37.83915" lon="144.97421"/>
      <trkpt lat="-37.83913" lon="144.97433"/>
      <trkpt lat="-37.8391" lon="144.97448"/>
      <trkpt lat="-37.83913" lon="144.97433"/>
      <trkpt lat="-37.83915" lon="144.97421"/>
      <trkpt lat="-37.83958" lon="144.97437"/>
      <trkpt lat="-37.83955" lon="144.97448"/>
      <trkpt lat="-37.83953" lon="144.97458"/>
      <trkpt lat="-37.83945" lon="144.97489"/>
      <trkpt lat="-37.83935" lon="144.97533"/>
      <trkpt lat="-37.83934" lon="144.97537"/>
      <trkpt lat="-37.83926" lon="144.97535"/>
      <trkpt lat="-37.83894" lon="144.97523"/>
      <trkpt lat="-37.83872" lon="144.97515"/>
      <trkpt lat="-37.8385" lon="144.97507"/>
      <trkpt lat="-37.83823" lon="144.97497"/>
      <trkpt lat="-37.83817" lon="144.97495"/>
      <trkpt lat="-37.83803" lon="144.97489"/>
      <trkpt lat="-37.83796" lon="144.97487"/>
      <trkpt lat="-37.8379" lon="144.97485"/>
      <trkpt lat="-37.83766" lon="144.97476"/>
      <trkpt lat="-37.83705" lon="144.97454"/>
      <trkpt lat="-37.83671" lon="144.97441"/>
      <trkpt lat="-37.83661" lon="144.97438"/>
      <trkpt lat="-37.83653" lon="144.97435"/>
      <trkpt lat="-37.83656" lon="144.97419"/>
      <trkpt lat="-37.83657" lon="144.97414"/>
      <trkpt lat="-37.83657" lon="144.9741"/>
      <trkpt lat="-37.83657" lon="144.97404"/>
      <trkpt lat="-37.83657" lon="144.974"/>
      <trkpt lat="-37.83657" lon="144.97394"/>
      <trkpt lat="-37.83656" lon="144.97387"/>
      <trkpt lat="-37.83655" lon="144.97381"/>
      <trkpt lat="-37.83653" lon="144.97375"/>
      <trkpt lat="-37.83652" lon="144.97369"/>
      <trkpt lat="-37.8365" lon="144.97363"/>
      <trkpt lat="-37.83648" lon="144.97356"/>
      <trkpt lat="-37.83646" lon="144.97351"/>
      <trkpt lat="-37.83645" lon="144.97347"/>
      <trkpt lat="-37.83635" lon="144.97321"/>
      <trkpt lat="-37.83633" lon="144.97315"/>
      <trkpt lat="-37.8363" lon="144.97309"/>
      <trkpt lat="-37.83626" lon="144.97301"/>
      <trkpt lat="-37.83622" lon="144.97295"/>
      <trkpt lat="-37.83619" lon="144.9729"/>
      <trkpt lat="-37.83614" lon="144.97284"/>
      <trkpt lat="-37.83612" lon="144.97282"/>
      <trkpt lat="-37.83607" lon="144.97275"/>
      <trkpt lat="-37.836" lon="144.97264"/>
      <trkpt lat="-37.83595" lon="144.97255"/>
      <trkpt lat="-37.83581" lon="144.97225"/>
      <trkpt lat="-37.83574" lon="144.97212"/>
      <trkpt lat="-37.83556" lon="144.97174"/>
      <trkpt lat="-37.83543" lon="144.97151"/>
      <trkpt lat="-37.83535" lon="144.97134"/>
      <trkpt lat="-37.83528" lon="144.97122"/>
      <trkpt lat="-37.83526" lon="144.97119"/>
      <trkpt lat="-37.83522" lon="144.97112"/>
      <trkpt lat="-37.83514" lon="144.97099"/>
      <trkpt lat="-37.835" lon="144.97108"/>
      <trkpt lat="-37.83491" lon="144.97114"/>
      <trkpt lat="-37.83479" lon="144.97122"/>
      <trkpt lat="-37.83469" lon="144.97131"/>
      <trkpt lat="-37.83458" lon="144.97137"/>
      <trkpt lat="-37.83442" lon="144.97147"/>
      <trkpt lat="-37.83428" lon="144.97154"/>
      <trkpt lat="-37.83416" lon="144.97159"/>
      <trkpt lat="-37.83391" lon="144.97165"/>
      <trkpt lat="-37.83351" lon="144.97174"/>
      <trkpt lat="-37.83347" lon="144.97175"/>
      <trkpt lat="-37.83331" lon="144.97174"/>
      <trkpt lat="-37.83322" lon="144.97175"/>
      <trkpt lat="-37.83315" lon="144.97177"/>
      <trkpt lat="-37.8331" lon="144.97179"/>
      <trkpt lat="-37.83304" lon="144.97181"/>
      <trkpt lat="-37.83297" lon="144.97183"/>
      <trkpt lat="-37.8329" lon="144.97185"/>
      <trkpt lat="-37.83281" lon="144.9718"/>
      <trkpt lat="-37.83268" lon="144.97174"/>
      <trkpt lat="-37.83251" lon="144.97168"/>
      <trkpt lat="-37.83249" lon="144.97167"/>
      <trkpt lat="-37.83246" lon="144.97166"/>
      <trkpt lat="-37.83241" lon="144.97164"/>
      <trkpt lat="-37.83239" lon="144.97163"/>
      <trkpt lat="-37.83232" lon="144.97161"/>
      <trkpt lat="-37.83227" lon="144.97159"/>
      <trkpt lat="-37.83219" lon="144.97154"/>
      <trkpt lat="-37.83195" lon="144.97142"/>
      <trkpt lat="-37.83145" lon="144.97124"/>
      <trkpt lat="-37.8313" lon="144.9712"/>
      <trkpt lat="-37.8312" lon="144.97118"/>
      <trkpt lat="-37.83105" lon="144.97117"/>
      <trkpt lat="-37.83091" lon="144.97116"/>
      <trkpt lat="-37.83044" lon="144.97112"/>
      <trkpt lat="-37.83018" lon="144.97111"/>
      <trkpt lat="-37.82997" lon="144.9711"/>
      <trkpt lat="-37.82982" lon="144.9711"/>
      <trkpt lat="-37.82891" lon="144.97111"/>
      <trkpt lat="-37.82884" lon="144.97111"/>
      <trkpt lat="-37.82877" lon="144.97111"/>
      <trkpt lat="-37.82868" lon="144.97112"/>
      <trkpt lat="-37.82863" lon="144.97112"/>
      <trkpt lat="-37.82864" lon="144.97124"/>
      <trkpt lat="-37.82856" lon="144.97124"/>
      <trkpt lat="-37.82829" lon="144.97128"/>
      <trkpt lat="-37.82774" lon="144.97133"/>
      <trkpt lat="-37.82745" lon="144.97136"/>
      <trkpt lat="-37.82728" lon="144.97136"/>
      <trkpt lat="-37.82715" lon="144.97136"/>
      <trkpt lat="-37.82714" lon="144.97141"/>
      <trkpt lat="-37.82714" lon="144.97145"/>
      <trkpt lat="-37.82713" lon="144.97151"/>
      <trkpt lat="-37.82721" lon="144.97151"/>
      <trkpt lat="-37.82737" lon="144.9715"/>
      <trkpt lat="-37.82752" lon="144.97148"/>
      <trkpt lat="-37.82764" lon="144.97147"/>
      <trkpt lat="-37.82777" lon="144.97147"/>
      <trkpt lat="-37.828" lon="144.97146"/>
      <trkpt lat="-37.82824" lon="144.97145"/>
      <trkpt lat="-37.82851" lon="144.97143"/>
      <trkpt lat="-37.82869" lon="144.97141"/>
      <trkpt lat="-37.82886" lon="144.9714"/>
      <trkpt lat="-37.82891" lon="144.97139"/>
      <trkpt lat="-37.82907" lon="144.97136"/>
      <trkpt lat="-37.82919" lon="144.97136"/>
      <trkpt lat="-37.82935" lon="144.97136"/>
      <trkpt lat="-37.8298" lon="144.97138"/>
      <trkpt lat="-37.82983" lon="144.97139"/>
      <trkpt lat="-37.82992" lon="144.9714"/>
      <trkpt lat="-37.82992" lon="144.97134"/>
      <trkpt lat="-37.82993" lon="144.9713"/>
      <trkpt lat="-37.82993" lon="144.97127"/>
      <trkpt lat="-37.82994" lon="144.97123"/>
      <trkpt lat="-37.82997" lon="144.9711"/>
      <trkpt lat="-37.82982" lon="144.9711"/>
      <trkpt lat="-37.82891" lon="144.97111"/>
      <trkpt lat="-37.82884" lon="144.97111"/>
      <trkpt lat="-37.82877" lon="144.97111"/>
      <trkpt lat="-37.82868" lon="144.97112"/>
      <trkpt lat="-37.82863" lon="144.97112"/>
      <trkpt lat="-37.82818" lon="144.97115"/>
      <trkpt lat="-37.82782" lon="144.97119"/>
      <trkpt lat="-37.82762" lon="144.9712"/>
      <trkpt lat="-37.82746" lon="144.97121"/>
      <trkpt lat="-37.8273" lon="144.97122"/>
      <trkpt lat="-37.82677" lon="144.97118"/>
      <trkpt lat="-37.82653" lon="144.97115"/>
      <trkpt lat="-37.82632" lon="144.97112"/>
      <trkpt lat="-37.82613" lon="144.97108"/>
      <trkpt lat="-37.82599" lon="144.97104"/>
      <trkpt lat="-37.82572" lon="144.97097"/>
      <trkpt lat="-37.82535" lon="144.97084"/>
      <trkpt lat="-37.82501" lon="144.97069"/>
      <trkpt lat="-37.8249" lon="144.97064"/>
      <trkpt lat="-37.82483" lon="144.97061"/>
      <trkpt lat="-37.82468" lon="144.97053"/>
      <trkpt lat="-37.82462" lon="144.97063"/>
      <trkpt lat="-37.82413" lon="144.97041"/>
      <trkpt lat="-37.82381" lon="144.97027"/>
      <trkpt lat="-37.82349" lon="144.97012"/>
      <trkpt lat="-37.82346" lon="144.97011"/>
      <trkpt lat="-37.82337" lon="144.97007"/>
      <trkpt lat="-37.82328" lon="144.97002"/>
      <trkpt lat="-37.82321" lon="144.96999"/>
      <trkpt lat="-37.82318" lon="144.96998"/>
      <trkpt lat="-37.82216" lon="144.9695"/>
      <trkpt lat="-37.82209" lon="144.96947"/>
      <trkpt lat="-37.82174" lon="144.96931"/>
      <trkpt lat="-37.82162" lon="144.96925"/>
      <trkpt lat="-37.82142" lon="144.96914"/>
      <trkpt lat="-37.82105" lon="144.96896"/>
      <trkpt lat="-37.82099" lon="144.96893"/>
      <trkpt lat="-37.82046" lon="144.96869"/>
      <trkpt lat="-37.8204" lon="144.96867"/>
      <trkpt lat="-37.8203" lon="144.96864"/>
      <trkpt lat="-37.82024" lon="144.96863"/>
      <trkpt lat="-37.82019" lon="144.96861"/>
      <trkpt lat="-37.82013" lon="144.9686"/>
      <trkpt lat="-37.82008" lon="144.96858"/>
      <trkpt lat="-37.82005" lon="144.96857"/>
      <trkpt lat="-37.82003" lon="144.96856"/>
      <trkpt lat="-37.81999" lon="144.96854"/>
      <trkpt lat="-37.81979" lon="144.96845"/>
      <trkpt lat="-37.81881" lon="144.96801"/>
      <trkpt lat="-37.81876" lon="144.96798"/>
      <trkpt lat="-37.81873" lon="144.96796"/>
      <trkpt lat="-37.8187" lon="144.96794"/>
      <trkpt lat="-37.81868" lon="144.96793"/>
      <trkpt lat="-37.81864" lon="144.9679"/>
      <trkpt lat="-37.81861" lon="144.96788"/>
      <trkpt lat="-37.81859" lon="144.96787"/>
      <trkpt lat="-37.81858" lon="144.96786"/>
      <trkpt lat="-37.81857" lon="144.96785"/>
      <trkpt lat="-37.81856" lon="144.96784"/>
      <trkpt lat="-37.81855" lon="144.96783"/>
      <trkpt lat="-37.81853" lon="144.96782"/>
      <trkpt lat="-37.81849" lon="144.96779"/>
      <trkpt lat="-37.81836" lon="144.96774"/>
      <trkpt lat="-37.81796" lon="144.96755"/>
      <trkpt lat="-37.81789" lon="144.96753"/>
      <trkpt lat="-37.81781" lon="144.96749"/>
      <trkpt lat="-37.8177" lon="144.96745"/>
      <trkpt lat="-37.81766" lon="144.96744"/>
      <trkpt lat="-37.81763" lon="144.96743"/>
      <trkpt lat="-37.81761" lon="144.96742"/>
      <trkpt lat="-37.81758" lon="144.96742"/>
      <trkpt lat="-37.81755" lon="144.96741"/>
      <trkpt lat="-37.81753" lon="144.96741"/>
      <trkpt lat="-37.81751" lon="144.96741"/>
      <trkpt lat="-37.81747" lon="144.96741"/>
      <trkpt lat="-37.81745" lon="144.96741"/>
      <trkpt lat="-37.81744" lon="144.96741"/>
      <trkpt lat="-37.81743" lon="144.96741"/>
      <trkpt lat="-37.81742" lon="144.96741"/>
      <trkpt lat="-37.8174" lon="144.96741"/>
      <trkpt lat="-37.81739" lon="144.96743"/>
      <trkpt lat="-37.81736" lon="144.96756"/>
      <trkpt lat="-37.81734" lon="144.9676"/>
      <trkpt lat="-37.81729" lon="144.96779"/>
      <trkpt lat="-37.8172" lon="144.96806"/>
      <trkpt lat="-37.81716" lon="144.96821"/>
      <trkpt lat="-37.81688" lon="144.96921"/>
      <trkpt lat="-37.81686" lon="144.96926"/>
      <trkpt lat="-37.81685" lon="144.96931"/>
      <trkpt lat="-37.81674" lon="144.96968"/>
      <trkpt lat="-37.81669" lon="144.96984"/>
      <trkpt lat="-37.81666" lon="144.96995"/>
      <trkpt lat="-37.81663" lon="144.97004"/>
      <trkpt lat="-37.81652" lon="144.97033"/>
      <trkpt lat="-37.81637" lon="144.97085"/>
      <trkpt lat="-37.81635" lon="144.97093"/>
      <trkpt lat="-37.81629" lon="144.97112"/>
      <trkpt lat="-37.81597" lon="144.97216"/>
      <trkpt lat="-37.81596" lon="144.9722"/>
      <trkpt lat="-37.81594" lon="144.97229"/>
      <trkpt lat="-37.81591" lon="144.97243"/>
      <trkpt lat="-37.81589" lon="144.97252"/>
      <trkpt lat="-37.81585" lon="144.97266"/>
      <trkpt lat="-37.81583" lon="144.97275"/>
      <trkpt lat="-37.81561" lon="144.97349"/>
      <trkpt lat="-37.81558" lon="144.9736"/>
      <trkpt lat="-37.8155" lon="144.97382"/>
      <trkpt lat="-37.81545" lon="144.97396"/>
      <trkpt lat="-37.81527" lon="144.97458"/>
      <trkpt lat="-37.81525" lon="144.97466"/>
      <trkpt lat="-37.81523" lon="144.97475"/>
      <trkpt lat="-37.81522" lon="144.97478"/>
      <trkpt lat="-37.81521" lon="144.97482"/>
      <trkpt lat="-37.8152" lon="144.97485"/>
      <trkpt lat="-37.8152" lon="144.97487"/>
      <trkpt lat="-37.81519" lon="144.9749"/>
      <trkpt lat="-37.81519" lon="144.97493"/>
      <trkpt lat="-37.81519" lon="144.97496"/>
      <trkpt lat="-37.81519" lon="144.97499"/>
      <trkpt lat="-37.81519" lon="144.97503"/>
      <trkpt lat="-37.8152" lon="144.97509"/>
      <trkpt lat="-37.81521" lon="144.9752"/>
      <trkpt lat="-37.81522" lon="144.97532"/>
      <trkpt lat="-37.81534" lon="144.97642"/>
      <trkpt lat="-37.81535" lon="144.97649"/>
      <trkpt lat="-37.81536" lon="144.97676"/>
      <trkpt lat="-37.81542" lon="144.9772"/>
      <trkpt lat="-37.81542" lon="144.97724"/>
      <trkpt lat="-37.81543" lon="144.97733"/>
      <trkpt lat="-37.81545" lon="144.97751"/>
      <trkpt lat="-37.81546" lon="144.97758"/>
      <trkpt lat="-37.81551" lon="144.97803"/>
      <trkpt lat="-37.81554" lon="144.97829"/>
      <trkpt lat="-37.81561" lon="144.97894"/>
      <trkpt lat="-37.81562" lon="144.97898"/>
      <trkpt lat="-37.81565" lon="144.9793"/>
      <trkpt lat="-37.81566" lon="144.97944"/>
      <trkpt lat="-37.81569" lon="144.97974"/>
      <trkpt lat="-37.81573" lon="144.97995"/>
      <trkpt lat="-37.81575" lon="144.98015"/>
      <trkpt lat="-37.81576" lon="144.98023"/>
      <trkpt lat="-37.81591" lon="144.98152"/>
      <trkpt lat="-37.81593" lon="144.98177"/>
      <trkpt lat="-37.81594" lon="144.98183"/>
      <trkpt lat="-37.81594" lon="144.98191"/>
      <trkpt lat="-37.81595" lon="144.98198"/>
      <trkpt lat="-37.81595" lon="144.98205"/>
      <trkpt lat="-37.81599" lon="144.98239"/>
      <trkpt lat="-37.81599" lon="144.98245"/>
      <trkpt lat="-37.816" lon="144.98254"/>
      <trkpt lat="-37.81603" lon="144.9827"/>
      <trkpt lat="-37.81608" lon="144.98269"/>
      <trkpt lat="-37.81611" lon="144.98267"/>
      <trkpt lat="-37.81616" lon="144.98264"/>
      <trkpt lat="-37.81614" lon="144.98247"/>
      <trkpt lat="-37.81611" lon="144.98226"/>
      <trkpt lat="-37.81607" lon="144.98197"/>
      <trkpt lat="-37.81605" lon="144.98179"/>
      <trkpt lat="-37.81602" lon="144.98156"/>
      <trkpt lat="-37.81586" lon="144.98009"/>
      <trkpt lat="-37.81585" lon="144.98003"/>
      <trkpt lat="-37.81584" lon="144.97987"/>
      <trkpt lat="-37.81583" lon="144.97979"/>
      <trkpt lat="-37.81583" lon="144.97964"/>
      <trkpt lat="-37.8158" lon="144.97934"/>
      <trkpt lat="-37.81579" lon="144.9793"/>
      <trkpt lat="-37.81577" lon="144.97915"/>
      <trkpt lat="-37.81575" lon="144.97899"/>
      <trkpt lat="-37.81568" lon="144.97835"/>
      <trkpt lat="-37.81564" lon="144.97794"/>
      <trkpt lat="-37.81559" lon="144.97751"/>
      <trkpt lat="-37.81559" lon="144.9775"/>
      <trkpt lat="-37.81558" lon="144.97738"/>
      <trkpt lat="-37.81556" lon="144.97721"/>
      <trkpt lat="-37.81555" lon="144.97712"/>
      <trkpt lat="-37.81547" lon="144.97637"/>
      <trkpt lat="-37.81538" lon="144.9755"/>
      <trkpt lat="-37.81534" lon="144.9752"/>
      <trkpt lat="-37.81533" lon="144.97517"/>
      <trkpt lat="-37.81533" lon="144.97513"/>
      <trkpt lat="-37.81533" lon="144.9751"/>
      <trkpt lat="-37.81533" lon="144.97502"/>
      <trkpt lat="-37.81536" lon="144.97489"/>
      <trkpt lat="-37.8154" lon="144.97474"/>
      <trkpt lat="-37.81543" lon="144.97463"/>
      <trkpt lat="-37.81547" lon="144.97448"/>
      <trkpt lat="-37.81558" lon="144.97407"/>
      <trkpt lat="-37.8156" lon="144.97401"/>
      <trkpt lat="-37.81564" lon="144.97389"/>
      <trkpt lat="-37.81566" lon="144.97382"/>
      <trkpt lat="-37.81571" lon="144.97362"/>
      <trkpt lat="-37.81578" lon="144.9734"/>
      <trkpt lat="-37.81582" lon="144.9732"/>
      <trkpt lat="-37.81584" lon="144.97313"/>
      <trkpt lat="-37.81589" lon="144.97296"/>
      <trkpt lat="-37.81599" lon="144.97262"/>
      <trkpt lat="-37.81601" lon="144.97258"/>
      <trkpt lat="-37.81603" lon="144.97251"/>
      <trkpt lat="-37.81609" lon="144.97254"/>
      <trkpt lat="-37.8161" lon="144.97255"/>
      <trkpt lat="-37.8162" lon="144.97261"/>
      <trkpt lat="-37.8163" lon="144.97267"/>
      <trkpt lat="-37.8164" lon="144.97274"/>
      <trkpt lat="-37.81652" lon="144.97284"/>
      <trkpt lat="-37.8166" lon="144.97291"/>
      <trkpt lat="-37.81669" lon="144.97298"/>
      <trkpt lat="-37.81677" lon="144.97306"/>
      <trkpt lat="-37.81685" lon="144.97315"/>
      <trkpt lat="-37.81693" lon="144.97323"/>
      <trkpt lat="-37.81701" lon="144.97334"/>
      <trkpt lat="-37.81708" lon="144.97344"/>
      <trkpt lat="-37.81714" lon="144.97354"/>
      <trkpt lat="-37.81721" lon="144.97365"/>
      <trkpt lat="-37.81726" lon="144.97376"/>
      <trkpt lat="-37.81732" lon="144.97387"/>
      <trkpt lat="-37.81739" lon="144.97399"/>
      <trkpt lat="-37.81744" lon="144.9741"/>
      <trkpt lat="-37.81774" lon="144.97469"/>
      <trkpt lat="-37.81779" lon="144.97477"/>
      <trkpt lat="-37.81785" lon="144.97488"/>
      <trkpt lat="-37.8179" lon="144.97499"/>
      <trkpt lat="-37.81801" lon="144.97516"/>
      <trkpt lat="-37.81814" lon="144.97533"/>
      <trkpt lat="-37.81827" lon="144.97552"/>
      <trkpt lat="-37.81831" lon="144.97556"/>
      <trkpt lat="-37.81834" lon="144.97559"/>
      <trkpt lat="-37.81837" lon="144.97562"/>
      <trkpt lat="-37.81839" lon="144.97564"/>
      <trkpt lat="-37.81841" lon="144.97566"/>
      <trkpt lat="-37.8185" lon="144.97574"/>
      <trkpt lat="-37.81854" lon="144.97577"/>
      <trkpt lat="-37.81851" lon="144.97587"/>
      <trkpt lat="-37.81849" lon="144.97592"/>
      <trkpt lat="-37.81847" lon="144.97601"/>
      <trkpt lat="-37.81842" lon="144.9763"/>
      <trkpt lat="-37.81841" lon="144.97635"/>
      <trkpt lat="-37.8184" lon="144.97641"/>
      <trkpt lat="-37.8184" lon="144.97645"/>
      <trkpt lat="-37.8184" lon="144.97649"/>
      <trkpt lat="-37.81841" lon="144.97653"/>
      <trkpt lat="-37.81842" lon="144.97655"/>
      <trkpt lat="-37.81843" lon="144.97659"/>
      <trkpt lat="-37.81845" lon="144.97662"/>
      <trkpt lat="-37.81847" lon="144.97668"/>
      <trkpt lat="-37.81854" lon="144.97681"/>
      <trkpt lat="-37.81859" lon="144.97692"/>
      <trkpt lat="-37.81862" lon="144.97697"/>
      <trkpt lat="-37.81866" lon="144.97702"/>
      <trkpt lat="-37.81872" lon="144.97711"/>
      <trkpt lat="-37.81875" lon="144.97717"/>
      <trkpt lat="-37.81879" lon="144.97724"/>
      <trkpt lat="-37.81883" lon="144.97733"/>
      <trkpt lat="-37.81886" lon="144.97736"/>
      <trkpt lat="-37.81888" lon="144.97741"/>
      <trkpt lat="-37.81901" lon="144.97762"/>
      <trkpt lat="-37.81908" lon="144.97772"/>
      <trkpt lat="-37.81911" lon="144.97777"/>
      <trkpt lat="-37.81916" lon="144.97787"/>
      <trkpt lat="-37.81926" lon="144.97805"/>
      <trkpt lat="-37.81929" lon="144.9781"/>
      <trkpt lat="-37.8193" lon="144.97813"/>
      <trkpt lat="-37.81932" lon="144.97816"/>
      <trkpt lat="-37.81936" lon="144.97821"/>
      <trkpt lat="-37.81938" lon="144.97825"/>
      <trkpt lat="-37.8194" lon="144.97828"/>
      <trkpt lat="-37.81957" lon="144.97864"/>
      <trkpt lat="-37.81968" lon="144.97886"/>
      <trkpt lat="-37.81977" lon="144.97904"/>
      <trkpt lat="-37.81981" lon="144.97912"/>
      <trkpt lat="-37.81984" lon="144.97918"/>
      <trkpt lat="-37.81999" lon="144.97949"/>
      <trkpt lat="-37.82006" lon="144.97965"/>
      <trkpt lat="-37.82015" lon="144.97984"/>
      <trkpt lat="-37.82038" lon="144.98025"/>
      <trkpt lat="-37.82058" lon="144.98052"/>
      <trkpt lat="-37.82066" lon="144.98062"/>
      <trkpt lat="-37.82079" lon="144.98072"/>
      <trkpt lat="-37.82087" lon="144.98092"/>
      <trkpt lat="-37.82097" lon="144.98104"/>
      <trkpt lat="-37.8212" lon="144.98132"/>
      <trkpt lat="-37.82141" lon="144.98161"/>
      <trkpt lat="-37.82149" lon="144.98172"/>
      <trkpt lat="-37.82162" lon="144.98191"/>
      <trkpt lat="-37.82184" lon="144.98218"/>
      <trkpt lat="-37.82192" lon="144.98228"/>
      <trkpt lat="-37.82214" lon="144.98252"/>
      <trkpt lat="-37.82217" lon="144.98256"/>
      <trkpt lat="-37.82229" lon="144.9827"/>
      <trkpt lat="-37.82236" lon="144.98275"/>
      <trkpt lat="-37.82238" lon="144.98277"/>
      <trkpt lat="-37.82249" lon="144.98286"/>
      <trkpt lat="-37.82247" lon="144.9829"/>
      <trkpt lat="-37.82247" lon="144.98294"/>
      <trkpt lat="-37.82248" lon="144.98299"/>
      <trkpt lat="-37.8225" lon="144.98302"/>
      <trkpt lat="-37.82252" lon="144.98305"/>
      <trkpt lat="-37.82256" lon="144.98306"/>
      <trkpt lat="-37.82259" lon="144.98306"/>
      <trkpt lat="-37.82262" lon="144.98305"/>
      <trkpt lat="-37.82265" lon="144.98303"/>
      <trkpt lat="-37.82267" lon="144.98299"/>
      <trkpt lat="-37.82267" lon="144.98297"/>
      <trkpt lat="-37.82276" lon="144.98294"/>
      <trkpt lat="-37.82342" lon="144.98281"/>
      <trkpt lat="-37.82369" lon="144.98277"/>
      <trkpt lat="-37.82371" lon="144.98277"/>
      <trkpt lat="-37.82372" lon="144.98276"/>
      <trkpt lat="-37.82379" lon="144.98273"/>
      <trkpt lat="-37.82385" lon="144.98266"/>
      <trkpt lat="-37.82388" lon="144.9829"/>
      <trkpt lat="-37.82388" lon="144.98291"/>
      <trkpt lat="-37.82389" lon="144.98298"/>
      <trkpt lat="-37.82393" lon="144.98332"/>
      <trkpt lat="-37.82399" lon="144.98378"/>
      <trkpt lat="-37.82406" lon="144.9843"/>
      <trkpt lat="-37.82409" lon="144.98451"/>
      <trkpt lat="-37.82412" lon="144.98478"/>
      <trkpt lat="-37.82413" lon="144.98482"/>
      <trkpt lat="-37.82413" lon="144.98484"/>
      <trkpt lat="-37.82415" lon="144.98504"/>
      <trkpt lat="-37.82413" lon="144.98513"/>
      <trkpt lat="-37.82422" lon="144.98592"/>
      <trkpt lat="-37.82424" lon="144.98605"/>
      <trkpt lat="-37.82427" lon="144.98635"/>
      <trkpt lat="-37.82428" lon="144.98654"/>
      <trkpt lat="-37.82429" lon="144.98656"/>
      <trkpt lat="-37.8243" lon="144.9867"/>
      <trkpt lat="-37.82431" lon="144.98676"/>
      <trkpt lat="-37.82432" lon="144.98684"/>
      <trkpt lat="-37.82433" lon="144.98698"/>
      <trkpt lat="-37.82432" lon="144.98718"/>
      <trkpt lat="-37.82429" lon="144.98744"/>
      <trkpt lat="-37.82428" lon="144.98753"/>
      <trkpt lat="-37.82428" lon="144.98758"/>
      <trkpt lat="-37.82428" lon="144.98767"/>
      <trkpt lat="-37.82428" lon="144.98776"/>
      <trkpt lat="-37.82428" lon="144.98785"/>
      <trkpt lat="-37.82428" lon="144.98798"/>
      <trkpt lat="-37.82429" lon="144.98809"/>
      <trkpt lat="-37.8243" lon="144.98821"/>
      <trkpt lat="-37.82431" lon="144.98828"/>
      <trkpt lat="-37.82432" lon="144.98842"/>
      <trkpt lat="-37.82433" lon="144.98848"/>
      <trkpt lat="-37.82433" lon="144.98851"/>
      <trkpt lat="-37.82433" lon="144.98855"/>
      <trkpt lat="-37.82433" lon="144.98858"/>
      <trkpt lat="-37.82432" lon="144.98861"/>
      <trkpt lat="-37.82431" lon="144.98863"/>
      <trkpt lat="-37.8243" lon="144.98866"/>
      <trkpt lat="-37.82425" lon="144.98877"/>
      <trkpt lat="-37.82402" lon="144.98881"/>
      <trkpt lat="-37.82348" lon="144.98892"/>
      <trkpt lat="-37.82339" lon="144.98893"/>
      <trkpt lat="-37.82333" lon="144.98894"/>
      <trkpt lat="-37.82323" lon="144.98887"/>
      <trkpt lat="-37.82321" lon="144.98885"/>
      <trkpt lat="-37.82319" lon="144.98884"/>
      <trkpt lat="-37.82317" lon="144.98882"/>
      <trkpt lat="-37.82315" lon="144.9888"/>
      <trkpt lat="-37.82314" lon="144.98878"/>
      <trkpt lat="-37.82313" lon="144.98875"/>
      <trkpt lat="-37.82311" lon="144.98867"/>
      <trkpt lat="-37.82303" lon="144.98847"/>
      <trkpt lat="-37.82302" lon="144.98839"/>
      <trkpt lat="-37.82298" lon="144.98807"/>
      <trkpt lat="-37.82295" lon="144.98781"/>
      <trkpt lat="-37.82294" lon="144.98772"/>
      <trkpt lat="-37.82293" lon="144.98762"/>
      <trkpt lat="-37.8229" lon="144.9874"/>
      <trkpt lat="-37.82289" lon="144.9873"/>
      <trkpt lat="-37.82288" lon="144.98722"/>
      <trkpt lat="-37.82286" lon="144.98711"/>
      <trkpt lat="-37.82285" lon="144.98703"/>
      <trkpt lat="-37.8228" lon="144.98685"/>
      <trkpt lat="-37.82275" lon="144.98666"/>
      <trkpt lat="-37.82262" lon="144.98626"/>
      <trkpt lat="-37.8225" lon="144.98588"/>
      <trkpt lat="-37.82233" lon="144.98544"/>
      <trkpt lat="-37.82189" lon="144.98439"/>
      <trkpt lat="-37.82176" lon="144.98406"/>
      <trkpt lat="-37.82165" lon="144.98385"/>
      <trkpt lat="-37.82137" lon="144.98331"/>
      <trkpt lat="-37.82131" lon="144.98319"/>
      <trkpt lat="-37.82127" lon="144.98314"/>
      <trkpt lat="-37.82096" lon="144.98259"/>
      <trkpt lat="-37.82084" lon="144.98239"/>
    </trkseg>
  </trk>
</gpx>